Dataset,top_1_bin,top_2_bin,top_3_bin,top_4_bin
professional_law,44.5,41.5,8.0,6.0
prehistory,53.0,36.25,4.25,6.5
philosophy,44.75,42.25,6.75,6.25
high_school_mathematics,44.25,34.25,13.0,8.5
conceptual_physics,46.25,40.0,8.0,5.75
college_medicine,48.25,39.75,6.25,5.75
abstract_algebra,46.42857142857143,30.952380952380953,16.071428571428573,6.5476190476190474
Mean,46.78362573099415,38.01169590643275,8.735380116959064,6.469298245614035
