Dataset,A,B,C,D
professional_law,0.036036036036036036,0.5945945945945946,0.13963963963963963,0.22972972972972974
prehistory,0.026595744680851064,0.5531914893617021,0.13829787234042554,0.28191489361702127
philosophy,0.03619909502262444,0.5565610859728507,0.14027149321266968,0.2669683257918552
high_school_mathematics,0.017937219730941704,0.547085201793722,0.2062780269058296,0.22869955156950672
conceptual_physics,0.08372093023255814,0.5162790697674419,0.14418604651162792,0.2558139534883721
college_medicine,0.04830917874396135,0.5603864734299517,0.12560386473429952,0.26570048309178745
abstract_algebra,0.0,0.6,0.16666666666666666,0.23333333333333334
Mean,0.036374006498095426,0.560248233175477,0.15121007943632925,0.2521676808900983
