Dataset,A,B,C,D
professional_law,0.041176470588235294,0.9642857142857143,0.5342465753424658,0.8356164383561644
prehistory,0.08904109589041095,0.9775280898876404,0.581081081081081,0.8901098901098901
philosophy,0.0364963503649635,0.9263157894736842,0.5064935064935064,0.8241758241758241
high_school_mathematics,0.040983606557377046,0.8518518518518519,0.47474747474747475,0.9014084507042254
conceptual_physics,0.1984732824427481,0.9148936170212766,0.43478260869565216,0.891566265060241
college_medicine,0.08108108108108109,0.9662921348314607,0.5,0.8470588235294118
abstract_algebra,0.0,0.9452054794520548,0.5070422535211268,0.8611111111111112
Mean,0.07123565598316023,0.9349619590776833,0.5054483537014514,0.864513015390218
