Dataset,A,B,C,D
professional_law,-0.06216110898495536,-0.02090995472957577,0.01595547873772893,0.06711558497680228
prehistory,-0.052464992275125605,-0.03209667861476906,0.02997469769543304,0.05458697319446165
philosophy,-0.07272018619064519,-0.006360639416124553,0.010455624014793385,0.06862520159197644
high_school_mathematics,-0.047473372903896,0.002010256070231309,-0.016743867564085857,0.062206984397750464
conceptual_physics,-0.01836976015958172,-0.010855508559055371,-0.038237147955453826,0.06746241667409081
college_medicine,-0.03773116099017679,-0.02163708251777996,-0.006213480899247004,0.06558172440720378
abstract_algebra,-0.08184012225307932,0.0006313673302049405,0.019066053581660497,0.062142701341213885
Mean,-0.05258279008727591,-0.01305837122948849,0.0016384194499654214,0.064002741866799
Std,0.02119981237408082,0.012610967221864644,0.023840389006154306,0.00489332446668392
