Dataset,top_1_bin,top_2_bin,top_3_bin,top_4_bin
professional_law,52.5,36.0,7.75,3.75
prehistory,70.5,21.75,5.5,2.25
philosophy,70.75,24.75,2.25,2.25
high_school_mathematics,45.5,43.0,6.75,4.75
conceptual_physics,59.75,26.75,9.75,3.75
college_medicine,63.25,27.75,5.5,3.5
abstract_algebra,48.51190476190476,40.476190476190474,5.9523809523809526,5.059523809523809
Mean,58.91812865497076,31.28654970760234,6.213450292397661,3.58187134502924
