Dataset,A,B,C,D
professional_law,0.21875,0.24479166666666666,0.4114583333333333,0.125
prehistory,0.31451612903225806,0.23387096774193547,0.29838709677419356,0.1532258064516129
philosophy,0.2857142857142857,0.19642857142857142,0.29464285714285715,0.22321428571428573
high_school_mathematics,0.2602739726027397,0.2465753424657534,0.2648401826484018,0.228310502283105
conceptual_physics,0.20958083832335328,0.2215568862275449,0.33532934131736525,0.23353293413173654
college_medicine,0.2236842105263158,0.3026315789473684,0.3157894736842105,0.15789473684210525
abstract_algebra,0.3390804597701149,0.16091954022988506,0.27011494252873564,0.22988505747126436
Mean,0.26277003251547504,0.2311443607121263,0.3139391574012426,0.1921464493711561
