Dataset,A,B,C,D
professional_law,0.4576271186440678,0.7764705882352941,0.7327586206896551,0.4691358024691358
prehistory,0.7692307692307693,0.8602150537634409,0.865979381443299,0.7204301075268817
philosophy,0.7745098039215687,0.8,0.8484848484848485,0.7211538461538461
high_school_mathematics,0.4806201550387597,0.7349397590361446,0.7619047619047619,0.47115384615384615
conceptual_physics,0.5909090909090909,0.7717391304347826,0.780952380952381,0.8172043010752689
college_medicine,0.6666666666666666,0.7904761904761904,0.8350515463917526,0.6129032258064516
abstract_algebra,0.5100671140939598,0.7735849056603774,0.8461538461538461,0.6086956521739131
Mean,0.6093596462353579,0.7870836319737675,0.8093422179292293,0.6320592802648417
