Dataset,A,B,C,D
professional_law,0.0035321645357732634,0.009210091680843357,-0.016758802612059198,0.004016546395442466
prehistory,0.02492667209989946,-0.02803088291035999,0.011481273195195207,-0.008377062384734735
philosophy,0.019793512042744543,-0.017100390636830554,-0.011878437465654534,0.0091853160597406
high_school_mathematics,-0.03600572074812275,0.024964110780852478,0.014160122392095797,-0.003118512424825415
conceptual_physics,-0.005026186553887757,0.019092663845071522,0.007103030042647229,-0.021169507333831272
college_medicine,0.007600167987915463,-0.0074933076741318105,-0.004250948182544068,0.0041440878687604155
abstract_algebra,-0.03705761889881887,-0.0014878303207443988,0.04068419344460439,-0.0021387442250410116
Mean,-0.002384179899223044,-8.881467602051029e-05,0.004975286529700018,-0.0025022919544564898
Std,0.024508512668082693,0.01941465793079132,0.018676273343275738,0.010175715054471048
