Dataset,top_1_bin,top_2_bin,top_3_bin,top_4_bin
professional_psychology,31.746031746031743,24.206349206349206,22.22222222222222,21.825396825396822
electrical_engineering,16.666666666666668,50.0,16.666666666666668,16.666666666666668
college_biology,10.0,15.0,40.0,35.0
marketing,68.75,20.833333333333336,6.25,4.166666666666667
high_school_world_history,36.76470588235294,29.411764705882355,20.58823529411765,13.23529411764706
Mean,35.5,25.0,20.75,18.749999999999996
