Dataset,top_1_bin,top_2_bin,top_3_bin,top_4_bin
professional_law,28.0,29.75,21.0,21.25
prehistory,37.25,26.25,15.5,21.0
philosophy,29.25,29.5,18.75,22.5
high_school_mathematics,31.5,24.0,19.5,25.0
conceptual_physics,33.5,30.25,14.25,22.0
college_medicine,30.0,28.0,18.75,23.25
abstract_algebra,29.464285714285715,30.05952380952381,16.36904761904762,24.107142857142858
Mean,31.323099415204677,28.216374269005847,17.763157894736842,22.69736842105263
