Dataset,A,B,C,D
professional_law,0.006944444444444444,0.7604166666666666,0.1111111111111111,0.12152777777777778
prehistory,0.07569721115537849,0.701195219123506,0.10358565737051793,0.11952191235059761
philosophy,0.014134275618374558,0.8515901060070671,0.053003533568904596,0.0812720848056537
high_school_mathematics,0.01824817518248175,0.635036496350365,0.25547445255474455,0.09124087591240876
conceptual_physics,0.011278195488721804,0.7481203007518797,0.19172932330827067,0.04887218045112782
college_medicine,0.04285714285714286,0.6071428571428571,0.21071428571428572,0.1392857142857143
abstract_algebra,0.0,0.8776371308016878,0.09282700421940929,0.029535864978902954
Mean,0.024730912974640917,0.7369469058356374,0.146724129703529,0.09159805148619275
