Dataset,A,B,C,D
professional_psychology,0.23121387283236994,0.32947976878612717,0.3179190751445087,0.12138728323699421
electrical_engineering,0.0,0.2,0.8,0.0
college_biology,0.4444444444444444,0.3333333333333333,0.16666666666666666,0.05555555555555555
marketing,0.13333333333333333,0.2,0.5333333333333333,0.13333333333333333
high_school_world_history,0.3488372093023256,0.2558139534883721,0.32558139534883723,0.06976744186046512
Mean,0.24318928768801065,0.29772729309495005,0.3519711878836761,0.1071122313333632
