Dataset,A,B,C,D
professional_psychology,0.6301369863013698,0.7564102564102564,0.9,0.8292682926829268
electrical_engineering,0.0,0.5,1.0,0
college_biology,0.7,0.8,0.6666666666666666,0.5
marketing,0.6363636363636364,0.5454545454545454,0.7857142857142857,0.8333333333333334
high_school_world_history,0.7619047619047619,0.6,0.8888888888888888,0.6666666666666666
Mean,0.6378737472573088,0.6989930069930069,0.8757301587301588,0.7607723577235772
