Dataset,A,B,C,D
professional_law,0.01904761904761905,0.9047619047619048,0.5,0.6071428571428571
prehistory,0.22522522522522523,0.9117647058823529,0.6440677966101694,0.6666666666666666
philosophy,0.06060606060606061,0.961352657004831,0.32608695652173914,0.5416666666666666
high_school_mathematics,0.09230769230769231,0.8177083333333334,0.7857142857142857,0.7457627118644068
conceptual_physics,0.05747126436781609,0.8697916666666666,0.6351351351351351,0.46808510638297873
college_medicine,0.14285714285714285,0.8529411764705882,0.6756756756756757,0.5
abstract_algebra,0.0,0.9289340101522843,0.6486486486486487,0.3783783783783784
Mean,0.08735599479701113,0.8916118439543268,0.6011030284388699,0.5624505623627799
