Dataset,A,B,C,D
professional_law,-0.03090575417159682,-0.0012074360823058627,0.01229561659292415,0.01981757366097857
prehistory,-0.018527271279756452,0.0002635185602072876,-0.0010100269369075765,0.019273779656456713
philosophy,-0.02701611202275654,0.0076749881827656435,0.005191501867290407,0.014149621972700505
high_school_mathematics,-0.0572211260885869,0.0248136191180916,0.007851896300145877,0.024555610670349393
conceptual_physics,-0.0421250320612927,0.01448672000974481,0.012853892008070703,0.0147844200434772
college_medicine,-0.02402964421900103,0.013259551890375379,-0.012365178410481625,0.023135270739107275
abstract_algebra,-0.06112894116300154,0.030259213343976715,0.009433919872848043,0.021435807946176763
Mean,-0.036721235441507565,0.012384312995295221,0.004786870484537177,0.019550051961675165
Std,0.016368542053818182,0.011551471119811984,0.009021981427125096,0.003982167271011888
