Dataset,top_1_bin,top_2_bin,top_3_bin,top_4_bin
professional_law,52.75,35.75,5.0,6.5
prehistory,70.25,21.5,5.75,2.5
philosophy,67.0,22.75,7.5,2.75
high_school_mathematics,41.75,44.25,8.25,5.75
conceptual_physics,57.5,28.75,9.25,4.5
college_medicine,61.25,29.5,5.5,3.75
abstract_algebra,55.95238095238095,30.654761904761905,7.738095238095238,5.654761904761905
Mean,58.1140350877193,30.445906432748536,6.980994152046784,4.45906432748538
