Dataset,A,B,C,D
professional_law,0.18947368421052632,0.28421052631578947,0.3684210526315789,0.15789473684210525
prehistory,0.2809917355371901,0.2231404958677686,0.2644628099173554,0.23140495867768596
philosophy,0.34108527131782945,0.1937984496124031,0.24031007751937986,0.2248062015503876
high_school_mathematics,0.2222222222222222,0.28,0.27111111111111114,0.22666666666666666
conceptual_physics,0.2616279069767442,0.2616279069767442,0.2616279069767442,0.21511627906976744
college_medicine,0.22727272727272727,0.3116883116883117,0.2597402597402597,0.2012987012987013
abstract_algebra,0.35374149659863946,0.23129251700680273,0.17006802721088435,0.24489795918367346
Mean,0.2660550299239907,0.2556654100506917,0.2644050235019842,0.21387453652333333
