Dataset,A,B,C,D
professional_law,0.5,0.7604166666666666,0.688,0.7534246575342466
prehistory,0.7857142857142857,0.8804347826086957,0.8018867924528302,0.7980769230769231
philosophy,0.826530612244898,0.78,0.719626168224299,0.7578947368421053
high_school_mathematics,0.48717948717948717,0.6132075471698113,0.6630434782608695,0.7058823529411765
conceptual_physics,0.6634615384615384,0.7047619047619048,0.6542056074766355,0.8333333333333334
college_medicine,0.6698113207547169,0.7714285714285715,0.7575757575757576,0.7444444444444445
abstract_algebra,0.5507246376811594,0.7971014492753623,0.7246376811594203,0.8
Mean,0.6425885877203363,0.7572828494191454,0.7153557684450739,0.7697450947620219
