Dataset,A,B,C,D
professional_law,-0.00945733495499762,0.0037573225464182514,-0.0009259877616271672,0.006626000170206536
prehistory,0.006269245133269874,-0.010584850477113883,0.011538886972072726,-0.007223281628228662
philosophy,0.0028039681209560685,0.001144820939454394,0.010325577557278809,-0.014274366617689271
high_school_mathematics,-0.03978880461643791,0.01983880126479598,0.0004963216211339438,0.019453681730507988
conceptual_physics,0.01128345066726627,0.003590313140956869,0.0005224525018939219,-0.015396216310117006
college_medicine,0.006441243656778284,-0.008930089130415153,0.009034472435706542,-0.006545626962069728
abstract_algebra,-0.005098634925930046,-0.03339823835329525,0.03523369800454351,0.0032631752746818954
Mean,-0.003908053410957057,-0.002812602621735607,0.008857899071677678,-0.002137243038984993
Std,0.017555567769348388,0.015981184396298632,0.011893413167853653,0.012637830402087893
