Dataset,top_1_bin,top_2_bin,top_3_bin,top_4_bin
professional_law,52.0,29.25,9.5,9.25
prehistory,67.25,24.5,6.25,2.0
philosophy,63.5,26.75,6.5,3.25
high_school_mathematics,42.75,35.5,12.25,9.5
conceptual_physics,53.25,29.25,13.0,4.5
college_medicine,56.75,30.75,6.75,5.75
abstract_algebra,49.107142857142854,30.654761904761905,13.095238095238095,7.142857142857142
Mean,55.08040935672515,29.49561403508772,9.539473684210526,5.8845029239766085
