Dataset,A,B,C,D
professional_law,0.3958333333333333,0.17708333333333334,0.09895833333333333,0.328125
prehistory,0.4961832061068702,0.19083969465648856,0.13740458015267176,0.17557251908396945
philosophy,0.3586206896551724,0.23448275862068965,0.1793103448275862,0.22758620689655173
high_school_mathematics,0.34934497816593885,0.11353711790393013,0.17903930131004367,0.35807860262008734
conceptual_physics,0.32620320855614976,0.17647058823529413,0.2192513368983957,0.27807486631016043
college_medicine,0.36046511627906974,0.19186046511627908,0.1511627906976744,0.29651162790697677
abstract_algebra,0.24561403508771928,0.10526315789473684,0.08771929824561403,0.5614035087719298
Mean,0.3644687604634822,0.17144663896163656,0.1518729382669621,0.3122116623079191
