Dataset,A,B,C,D
professional_law,0.8173076923076923,0.5777777777777777,0.525,0.6428571428571429
prehistory,0.8532110091743119,0.8021978021978022,0.6730769230769231,0.7291666666666666
philosophy,0.9204545454545454,0.6788990825688074,0.6699029126213593,0.78
high_school_mathematics,0.7247706422018348,0.453125,0.41836734693877553,0.6356589147286822
conceptual_physics,0.7941176470588235,0.5567010309278351,0.6936936936936937,0.8666666666666667
college_medicine,0.7522123893805309,0.6464646464646465,0.5806451612903226,0.7578947368421053
abstract_algebra,0.6476190476190476,0.4927536231884058,0.2857142857142857,0.7878787878787878
Mean,0.7903616850259852,0.6036664303238494,0.5556558534533734,0.7418219750847143
