Dataset,A,B,C,D
professional_law,0.017884530119282427,-0.018501590533099244,-0.0036951614420707712,0.004312221855887588
prehistory,-0.03224563414934539,-0.004147088214006223,0.026987897910267566,0.009404824453084215
philosophy,-0.04531606086012957,0.014717392542899332,0.023137820866038328,0.007460847451191965
high_school_mathematics,0.044612933949616435,-0.008682678553708884,-0.037106513961647214,0.0011762585657397462
conceptual_physics,0.005572845200765342,-0.016956574995746154,0.0022321724598801107,0.009151557335100646
college_medicine,-0.001550362240798353,0.0019191249114223208,0.005863072674114511,-0.006231835344738423
abstract_algebra,0.048024783748549515,-0.02081035919733576,-0.014416637508073982,-0.012797787043139885
Mean,0.004283489819908258,-0.007183057977777907,0.0007762153508480101,0.0021233528070216715
Std,0.03517204832344446,0.01275674324076727,0.022108353470257216,0.008193928782827667
