Dataset,top_1_bin,top_2_bin,top_3_bin,top_4_bin
professional_law,27.5,24.75,26.75,21.0
prehistory,30.5,27.75,23.25,18.5
philosophy,34.0,24.75,22.75,18.5
high_school_mathematics,25.75,24.75,19.5,30.0
conceptual_physics,23.0,26.0,28.25,22.75
college_medicine,31.0,28.75,19.75,20.5
abstract_algebra,25.297619047619047,31.547619047619047,19.047619047619047,24.107142857142858
Mean,28.216374269005847,26.79093567251462,22.843567251461987,22.149122807017545
