Dataset,A,B,C,D
professional_law,0.6413793103448275,0.15172413793103448,0.07241379310344828,0.13448275862068965
prehistory,0.5611510791366906,0.06115107913669065,0.1474820143884892,0.2302158273381295
philosophy,0.5113636363636364,0.026515151515151516,0.19696969696969696,0.26515151515151514
high_school_mathematics,0.26262626262626265,0.016835016835016835,0.18181818181818182,0.5387205387205387
conceptual_physics,0.36363636363636365,0.08116883116883117,0.2662337662337662,0.288961038961039
college_medicine,0.6195652173913043,0.036231884057971016,0.10144927536231885,0.2427536231884058
abstract_algebra,0.4701195219123506,0.00796812749003984,0.02390438247011952,0.49800796812749004
Mean,0.4904418520329619,0.055602240897124136,0.144217311279357,0.3097385957905569
