Dataset,A,B,C,D
professional_law,0.8950276243093923,0.44086021505376344,0.3157894736842105,0.5362318840579711
prehistory,0.7947368421052632,0.38,0.5945945945945946,0.7558139534883721
philosophy,0.7735849056603774,0.1694915254237288,0.48598130841121495,0.7866666666666666
high_school_mathematics,0.5104895104895105,0.12244897959183673,0.5238095238095238,0.8548387096774194
conceptual_physics,0.6993006993006993,0.3548387096774194,0.6347826086956522,0.725
college_medicine,0.817258883248731,0.19672131147540983,0.43333333333333335,0.7804878048780488
abstract_algebra,0.859375,0.10526315789473684,0.2631578947368421,0.9545454545454546
Mean,0.762028284373388,0.25625464822423055,0.4692022622964147,0.7662071930682252
