Dataset,A,B,C,D
professional_law,0.00425885536956612,-0.005149056663886126,-0.003666128763006704,0.004556330057326738
prehistory,-0.0075043935633711395,0.0010263998353565867,0.004215370295914692,0.0022626234320998473
philosophy,0.0017625645609043727,-0.01761873046083781,0.006734118700133837,0.009122047199799643
high_school_mathematics,0.01878196554558273,-0.015239462493012973,-0.006541281976764235,0.0029987789241944784
conceptual_physics,0.00021346155807497325,-0.02058316991691176,0.01998513480358187,0.0003845735552548829
college_medicine,-0.007838887557759633,0.003087681082775337,-0.0036396189182184707,0.00839082539320278
abstract_algebra,-0.014168394192715178,-0.009145052168380685,-0.007576498922732336,0.030889945283828157
Mean,-0.00032571421182504747,-0.009087453572800662,0.001567739041892665,0.007845428742733043
Std,0.010610660654100169,0.009318497451035364,0.009805620719323043,0.00985546864590832
