Dataset,top_1_bin,top_2_bin,top_3_bin,top_4_bin
professional_psychology,47.61904761904761,21.825396825396822,18.65079365079365,11.904761904761903
electrical_engineering,33.333333333333336,16.666666666666668,8.333333333333334,41.66666666666667
college_biology,35.0,25.0,20.0,20.0
marketing,62.50000000000001,16.666666666666668,20.833333333333336,0.0
high_school_world_history,41.1764705882353,22.058823529411768,23.529411764705884,13.23529411764706
Mean,47.25,21.25,19.499999999999996,12.0
