Dataset,top_1_bin,top_2_bin,top_3_bin,top_4_bin
professional_law,40.5,26.25,23.0,10.25
prehistory,45.5,20.25,25.5,8.75
philosophy,39.25,27.0,22.75,11.0
high_school_mathematics,36.0,23.0,22.0,19.0
conceptual_physics,43.25,21.25,20.5,15.0
college_medicine,41.25,22.25,25.5,11.0
abstract_algebra,40.17857142857143,22.916666666666668,24.702380952380953,12.202380952380953
Mean,40.86257309941521,23.28216374269006,23.391812865497077,12.463450292397662
