Dataset,A,B,C,D
professional_psychology,0.6408450704225352,0.176056338028169,0.11971830985915492,0.06338028169014084
electrical_engineering,0.4444444444444444,0.2222222222222222,0.3333333333333333,0.0
college_biology,0.9090909090909091,0.09090909090909091,0.0,0.0
marketing,0.88,0.08,0.0,0.04
high_school_world_history,0.2972972972972973,0.40540540540540543,0.08108108108108109,0.21621621621621623
Mean,0.6186608136946166,0.2006465330887866,0.09920631899505139,0.08148633422154548
