Dataset,A,B,C,D
professional_law,0.502127659574468,0.19574468085106383,0.28085106382978725,0.02127659574468085
prehistory,0.6521739130434783,0.23478260869565218,0.08695652173913043,0.02608695652173913
philosophy,0.6557377049180327,0.19262295081967212,0.15163934426229508,0.0
high_school_mathematics,0.8397212543554007,0.06620209059233449,0.08362369337979095,0.010452961672473868
conceptual_physics,0.7547892720306514,0.13793103448275862,0.09961685823754789,0.007662835249042145
college_medicine,0.7195121951219512,0.15853658536585366,0.10975609756097561,0.012195121951219513
abstract_algebra,0.7045454545454546,0.20909090909090908,0.07727272727272727,0.00909090909090909
Mean,0.689456166792714,0.16980355474323078,0.1282679341986284,0.012472344265426776
