Dataset,A,B,C,D
professional_law,0.7092198581560284,0.5842696629213483,0.6346153846153846,0.09090909090909091
prehistory,0.8413793103448276,0.5360824742268041,0.41975308641975306,0.18181818181818182
philosophy,0.8164556962025317,0.5058823529411764,0.41,0.03508771929824561
high_school_mathematics,0.8925233644859814,0.2923076923076923,0.1780821917808219,0.020833333333333332
conceptual_physics,0.8324324324324325,0.34375,0.3838383838383838,0.09615384615384616
college_medicine,0.8304093567251462,0.4880952380952381,0.3373493975903614,0.06451612903225806
abstract_algebra,0.7960526315789473,0.4225352112676056,0.1875,0.0
Mean,0.8174128989580794,0.45399371315161513,0.36858749184864104,0.07153776323756665
