Dataset,A,B,C,D
professional_psychology,0.8709677419354839,0.5849056603773585,0.40384615384615385,0.2222222222222222
electrical_engineering,1.0,1.0,0.2857142857142857,0.0
college_biology,0.8888888888888888,0.4,0.6666666666666666,0.0
marketing,0.8823529411764706,0.4166666666666667,0.2,0.3333333333333333
high_school_world_history,0.75,0.875,0.4166666666666667,0.4166666666666667
Mean,0.8565364748049759,0.6172405660377358,0.3911611721611722,0.25083333333333335
