Dataset,A,B,C,D
professional_law,0.0027425008546101415,-0.0037558484105481016,-0.003988761789204098,0.005002109345142058
prehistory,0.023776287446970967,-0.003780608841571914,-0.017664523755361372,-0.0023311548500377643
philosophy,0.04595608832952966,-0.00951721147402032,-0.024385942964751717,-0.012052933890757511
high_school_mathematics,0.03874237408115003,0.012773057174188196,-0.045818000092119046,-0.00569743116321908
conceptual_physics,0.04027445290570142,0.01475005443252031,-0.052381552541011456,-0.0026429547972103284
college_medicine,0.03136113264186008,-0.0033579390585421476,-0.02669458486683693,-0.0013086087164810023
abstract_algebra,0.054946099619126054,-0.02424232612628527,0.0035983446318643975,-0.03430211812470513
Mean,0.03348063741811231,-0.0019374342286628077,-0.02454835621615768,-0.006994846973291804
Std,0.01683143352040764,0.01292543016261056,0.020099674640598874,0.012189110335180336
