Dataset,top_1_bin,top_2_bin,top_3_bin,top_4_bin
professional_law,30.25,35.5,18.75,15.5
prehistory,30.75,44.25,16.25,8.75
philosophy,28.0,53.25,11.5,7.25
high_school_mathematics,24.25,26.75,23.5,25.5
conceptual_physics,25.0,42.25,18.5,14.25
college_medicine,25.5,38.5,21.0,15.0
abstract_algebra,25.0,27.976190476190474,24.404761904761905,22.61904761904762
Mean,27.010233918128655,38.59649122807018,19.005847953216374,15.387426900584796
