Dataset,0,1,2,3
professional_law,0.6594982078853047,0.06810035842293907,0.1039426523297491,0.16845878136200718
prehistory,0.75,0.07246376811594203,0.06884057971014493,0.10869565217391304
philosophy,0.7638888888888888,0.0763888888888889,0.07291666666666667,0.08680555555555555
high_school_mathematics,0.7417218543046358,0.08609271523178808,0.07947019867549669,0.09271523178807947
conceptual_physics,0.75,0.08333333333333333,0.08333333333333333,0.08333333333333333
college_medicine,0.7123745819397993,0.0903010033444816,0.0802675585284281,0.11705685618729098
abstract_algebra,0.75,0.08333333333333333,0.08333333333333333,0.08333333333333333
Mean,0.7320882358214369,0.07992398645283232,0.08169166509412557,0.1062961126316052
