Dataset,0,1,2,3
professional_law,0.9095022624434389,0.6909090909090909,0.7413793103448276,0.9090909090909091
prehistory,0.9628099173553719,0.8301886792452831,0.8431372549019608,0.9444444444444444
philosophy,0.98,0.92,0.92,0.98
high_school_mathematics,0.992,1.0,0.9795918367346939,0.9807692307692307
conceptual_physics,1.0,1.0,1.0,1.0
college_medicine,0.9628099173553719,0.9423076923076923,0.8235294117647058,0.9454545454545454
abstract_algebra,1.0,1.0,1.0,1.0
Mean,0.9718014761921319,0.909854599775156,0.8987774581500275,0.9648770657542587
