Dataset,0,1,2,3
professional_law,0.011707988751563786,-0.017438416192389602,-5.9548830876360315e-05,0.005789976271702163
prehistory,0.037379432975273796,-0.012135599852824752,-0.025678060681044973,0.00043422755859592876
philosophy,0.049013111228377426,-0.0031845654475109175,-0.03561563119833322,-0.010212914582533261
high_school_mathematics,0.042803888237647025,-0.006221408319169841,-0.034005131388943094,-0.002577348529534118
conceptual_physics,0.04549469979417592,0.002427344375486057,-0.031764588177172925,-0.016157455992489023
college_medicine,0.04365211075127334,-0.013557528267344882,-0.03324165276343627,0.003147070279507891
abstract_algebra,0.045393821510241156,-0.0250343284428082,-0.03189073646049104,0.011531243393058055
Mean,0.03920790084896402,-0.010400439999373219,-0.027361525097458962,-0.0014459357521318206
Std,0.012800231870290535,0.009017535160472708,0.012609587494802088,0.009356886200685257
