Dataset,top_1_bin,top_2_bin,top_3_bin,top_4_bin
professional_law,33.25,33.75,19.0,14.0
prehistory,33.0,36.0,19.0,12.0
philosophy,32.0,38.0,16.5,13.5
high_school_mathematics,28.25,33.0,20.75,18.0
conceptual_physics,29.0,33.25,22.5,15.25
college_medicine,33.5,32.0,18.5,16.0
abstract_algebra,26.785714285714285,33.63095238095238,19.94047619047619,19.642857142857142
Mean,30.92105263157895,34.24707602339181,19.444444444444443,15.387426900584796
