Dataset,A,B,C,D
professional_law,0.5112781954887218,0.16541353383458646,0.2556390977443609,0.06766917293233082
prehistory,0.8694029850746269,0.07462686567164178,0.033582089552238806,0.022388059701492536
philosophy,0.9154411764705882,0.04411764705882353,0.022058823529411766,0.01838235294117647
high_school_mathematics,0.7456445993031359,0.03832752613240418,0.18815331010452963,0.027874564459930314
conceptual_physics,0.8120567375886525,0.07446808510638298,0.0851063829787234,0.028368794326241134
college_medicine,0.8421052631578947,0.045112781954887216,0.10526315789473684,0.007518796992481203
abstract_algebra,0.7967479674796748,0.044715447154471545,0.09349593495934959,0.06504065040650407
Mean,0.7843855628313666,0.07012096715913484,0.11233032853360453,0.03316314147589414
