Dataset,A,B,C,D
professional_law,0.6994818652849741,0.8695652173913043,0.8227848101265823,0.4915254237288136
prehistory,0.902127659574468,0.5245901639344263,0.32727272727272727,0.1836734693877551
philosophy,0.9491525423728814,0.3888888888888889,0.25862068965517243,0.23076923076923078
high_school_mathematics,0.8918918918918919,0.2982456140350877,0.6805555555555556,0.32653061224489793
conceptual_physics,0.9155555555555556,0.31746031746031744,0.4098360655737705,0.35294117647058826
college_medicine,0.9196428571428571,0.38181818181818183,0.5671641791044776,0.24074074074074073
abstract_algebra,0.9428571428571428,0.5714285714285714,0.6666666666666666,0.6904761904761905
Mean,0.8874053175179282,0.47669128414155065,0.5301511735801586,0.3517807972722261
