Dataset,A,B,C,D
professional_law,-0.008582745097321293,0.0012717476247371962,0.011208741562714716,-0.0038977440901306476
prehistory,0.025027852922083454,-0.00209640524587372,-0.009475050141371413,-0.013456397534838377
philosophy,0.025569523939041425,-0.003992233887355576,-0.006371511135056532,-0.015205778916629317
high_school_mathematics,-0.0031277128516601846,0.0006478854925537347,0.0002649876243356192,0.0022148397347708237
conceptual_physics,0.0071281186442691685,0.0028294163686847923,-0.004409423201396603,-0.0055481118115573436
college_medicine,0.01737498556488358,-0.0030974137558654746,-0.0061499468536789365,-0.008127624955339183
abstract_algebra,0.0006408273414648391,-0.009210655929952988,-0.0015653410983751254,0.010135169686863288
Mean,0.009346245334521434,-0.0017798178924385317,-0.002375305360685417,-0.005191122081397498
Std,0.013820290416585071,0.003909598054274158,0.006873140071382366,0.00857826368328861
