Dataset,top_1_bin,top_2_bin,top_3_bin,top_4_bin
professional_law,25.75,24.75,20.5,29.0
prehistory,24.25,26.0,27.5,22.25
philosophy,28.25,24.0,27.75,20.0
high_school_mathematics,20.75,32.5,32.5,14.25
conceptual_physics,25.25,31.0,24.5,19.25
college_medicine,22.75,22.0,30.0,25.25
abstract_algebra,24.107142857142858,26.785714285714285,34.226190476190474,14.880952380952381
Mean,24.45175438596491,26.71783625730994,27.997076023391813,20.833333333333332
