Dataset,0,1,2,3
professional_law,0.35333333333333333,0.06666666666666667,0.44666666666666666,0.13333333333333333
prehistory,0.5780730897009967,0.029900332225913623,0.23920265780730898,0.15282392026578073
philosophy,0.7447552447552448,0.045454545454545456,0.17482517482517482,0.03496503496503497
high_school_mathematics,0.7097791798107256,0.05362776025236593,0.20189274447949526,0.03470031545741325
conceptual_physics,0.8896321070234113,0.046822742474916385,0.043478260869565216,0.020066889632107024
college_medicine,0.5225806451612903,0.01935483870967742,0.267741935483871,0.19032258064516128
abstract_algebra,0.807843137254902,0.08235294117647059,0.054901960784313725,0.054901960784313725
Mean,0.6544944203332046,0.04839230356320479,0.20759138701621427,0.08952188908737632
