Dataset,0,1,2,3
professional_law,0.8188976377952756,0.37681159420289856,0.7682119205298014,0.8113207547169812
prehistory,0.8648648648648649,0.3125,0.5631067961165048,0.53125
philosophy,0.9386792452830188,0.5918367346938775,0.4888888888888889,0.40816326530612246
high_school_mathematics,0.9192825112107623,0.7560975609756098,0.3894736842105263,0.4634146341463415
conceptual_physics,0.979757085020243,0.7142857142857143,0.05454545454545454,0.04081632653061224
college_medicine,0.8819875776397516,0.24444444444444444,0.5950413223140496,0.6438356164383562
abstract_algebra,0.9809523809523809,1.0,0.19047619047619047,0.7142857142857143
Mean,0.9104486727798123,0.5608152117839977,0.44141346003000376,0.511520555137195
