Dataset,0,1,2,3
professional_law,-0.005079184249558194,-0.01259469777009048,-0.0030970625133694557,0.02077094453301813
prehistory,0.004684710661442049,-0.012487033145139853,-0.013087047225666414,0.02088936970936421
philosophy,0.021594976801312823,-0.008997792246882658,-0.016671770699173888,0.00407458614474375
high_school_mathematics,0.04337075631412195,0.0009389708655427459,-0.029061536135346407,-0.015248191044318266
conceptual_physics,0.03560287109308878,0.012756007034020647,-0.0281984566733574,-0.02016042145375202
college_medicine,0.01625308077313388,-0.010694777206749398,-0.008530353260554298,0.0029720496941698232
abstract_algebra,0.0417061970818252,0.0022157437848433353,-0.027703918861014726,-0.016218022005653837
Mean,0.022143335810274042,-0.0042716517090688015,-0.017824198589286584,-4.7485511918655093e-05
Std,0.01863160880173054,0.009712908597949611,0.010474784680610881,0.017296910649251488
