Dataset,top_1_bin,top_2_bin,top_3_bin,top_4_bin
professional_law,37.25,22.5,24.5,15.75
prehistory,45.0,25.0,21.5,8.5
philosophy,39.75,28.5,17.0,14.75
high_school_mathematics,32.75,30.25,21.0,16.0
conceptual_physics,38.0,27.0,21.0,14.0
college_medicine,37.5,29.25,20.0,13.25
abstract_algebra,35.714285714285715,23.214285714285715,20.833333333333332,20.238095238095237
Mean,38.04824561403509,26.608187134502923,20.833333333333332,14.510233918128655
