Dataset,A,B,C,D
professional_law,0.27091633466135456,0.3386454183266932,0.30677290836653387,0.08366533864541832
prehistory,0.12727272727272726,0.5136363636363637,0.30454545454545456,0.05454545454545454
philosophy,0.05394190871369295,0.43568464730290457,0.4190871369294606,0.0912863070539419
high_school_mathematics,0.11524163568773234,0.37174721189591076,0.26022304832713755,0.2527881040892193
conceptual_physics,0.14112903225806453,0.41935483870967744,0.2862903225806452,0.1532258064516129
college_medicine,0.11553784860557768,0.5219123505976095,0.24302788844621515,0.11952191235059761
abstract_algebra,0.27314814814814814,0.2638888888888889,0.2222222222222222,0.24074074074074073
Mean,0.15401811866134413,0.41266776273915584,0.2933645359447534,0.1399495826547466
