Dataset,A,B,C,D
professional_law,0.6611570247933884,0.8220338983050848,0.8787878787878788,0.6451612903225806
prehistory,0.46938775510204084,0.8642857142857143,0.8315789473684211,0.5373134328358209
philosophy,0.42857142857142855,0.8604651162790697,0.9421487603305785,0.4657534246575342
high_school_mathematics,0.44155844155844154,0.5827814569536424,0.6595744680851063,0.7948717948717948
conceptual_physics,0.6625,0.7954545454545454,0.8301886792452831,0.5487804878048781
college_medicine,0.411214953271028,0.8066666666666666,0.8117647058823529,0.5862068965517241
abstract_algebra,0.6228070175438597,0.5376344086021505,0.6285714285714286,0.9322033898305084
Mean,0.5259572365545571,0.7577924416915979,0.8014683391373715,0.6375933003657837
