Dataset,A,B,C,D
professional_law,-0.04018763168762257,0.01501961434601956,0.04788950406048381,-0.022721486718880746
prehistory,-0.0374697217237043,0.03025951459995091,0.027216283604190206,-0.020006076480436785
philosophy,-0.015379082430126229,0.0420181404889059,0.020126494262339756,-0.04676555232111945
high_school_mathematics,-0.005385744983111673,-0.03487694614889103,-0.00035282338244913003,0.04061551451445189
conceptual_physics,-0.02122993066286838,0.03882937910410619,0.02428986577465639,-0.041889314215894174
college_medicine,-0.04209991385975953,0.029363642866042095,0.04574646275890826,-0.03301019176519088
abstract_algebra,-0.026716227435112733,-0.029782985700343184,0.008623262267228704,0.047875950868227185
Mean,-0.026928897133433827,0.013975970360796107,0.025169492307397866,-0.012216565534760134
Std,0.013991424093088912,0.031737270470906714,0.01777503677808879,0.03809136643893823
