Dataset,top_1_bin,top_2_bin,top_3_bin,top_4_bin
professional_law,25.5,21.5,29.25,23.75
prehistory,30.0,29.25,23.25,17.5
philosophy,33.75,23.75,22.75,19.75
high_school_mathematics,26.5,20.0,24.0,29.5
conceptual_physics,27.75,27.5,20.75,24.0
college_medicine,28.25,30.5,22.5,18.75
abstract_algebra,21.726190476190474,34.226190476190474,18.154761904761905,25.892857142857142
Mean,27.77777777777778,26.498538011695906,23.06286549707602,22.660818713450293
