Dataset,0,1,2,3
professional_law,0.5469798657718121,0.2080536912751678,0.10738255033557047,0.13758389261744966
prehistory,0.5734767025089605,0.08960573476702509,0.15412186379928317,0.1827956989247312
philosophy,0.39245283018867927,0.17735849056603772,0.2830188679245283,0.1471698113207547
high_school_mathematics,0.30272108843537415,0.12244897959183673,0.22789115646258504,0.3469387755102041
conceptual_physics,0.3356401384083045,0.11418685121107267,0.29411764705882354,0.2560553633217993
college_medicine,0.578397212543554,0.11149825783972125,0.16376306620209058,0.14634146341463414
abstract_algebra,0.45627376425855515,0.08745247148288973,0.09125475285171103,0.3650190114068441
Mean,0.45510786547278814,0.1310836376164457,0.19107443628337986,0.22273406062738627
