Dataset,0,1,2,3
professional_law,0.7884615384615384,0.782051282051282,0.6346153846153846,0.43548387096774194
prehistory,0.8502673796791443,0.7169811320754716,0.726027397260274,0.5632183908045977
philosophy,0.6962025316455697,0.9523809523809523,0.8021978021978022,0.3977272727272727
high_school_mathematics,0.8050847457627118,0.7719298245614035,0.7628865979381443,0.6953125
conceptual_physics,0.7132867132867133,0.6666666666666666,0.8247422680412371,0.6597938144329897
college_medicine,0.8617021276595744,0.7540983606557377,0.8225806451612904,0.4606741573033708
abstract_algebra,0.9242424242424242,1.0,0.9166666666666666,0.7121212121212122
Mean,0.8028316773185509,0.8017702073671804,0.7811476747389082,0.557074828131256
