Dataset,0,1,2,3
professional_law,-0.0070990953874213725,0.007033965840403611,-0.0007073027195910742,0.0007724322666088079
prehistory,6.296047481876843e-05,0.0058701819560149915,0.005215622453173252,-0.011148764884006998
philosophy,0.0030752408227026073,-0.008404012464632557,0.016994788058712407,-0.011666016416782415
high_school_mathematics,-0.0029507176782467004,-0.00024211958366807118,0.01738701541261034,-0.014194178150695569
conceptual_physics,-0.001928968904706424,-0.012681070791583995,0.02573256593040789,-0.011122526234117455
college_medicine,0.003930452641104559,-0.002741570612622188,0.010021558427253219,-0.011210440455735576
abstract_algebra,0.008749524605099951,-0.0020824777296311048,0.0072053492949349235,-0.013872396170403756
Mean,0.0003566480462771048,-0.0018879980919558972,0.01179776914770634,-0.010266419102027538
Std,0.005079216671464042,0.007181544284328558,0.008984512983394598,0.005102645172413712
