Dataset,top_1_bin,top_2_bin,top_3_bin,top_4_bin
professional_law,38.25,20.75,21.5,19.5
prehistory,55.75,18.25,12.75,13.25
philosophy,52.0,19.0,15.0,14.0
high_school_mathematics,32.0,22.75,22.5,22.75
conceptual_physics,40.75,22.5,19.5,17.25
college_medicine,47.0,20.25,18.5,14.25
abstract_algebra,31.25,22.916666666666668,22.321428571428573,23.511904761904763
Mean,42.69005847953216,20.869883040935672,18.78654970760234,17.653508771929825
