Dataset,A,B,C,D
professional_law,0.0875,0.5375,0.19583333333333333,0.17916666666666667
prehistory,0.34065934065934067,0.31868131868131866,0.15384615384615385,0.18681318681318682
philosophy,0.30456852791878175,0.4467005076142132,0.15228426395939088,0.09644670050761421
high_school_mathematics,0.3709090909090909,0.32727272727272727,0.09454545454545454,0.20727272727272728
conceptual_physics,0.301255230125523,0.5062761506276151,0.07531380753138076,0.11715481171548117
college_medicine,0.3448275862068966,0.3448275862068966,0.15270935960591134,0.15763546798029557
abstract_algebra,0.4,0.39111111111111113,0.022222222222222223,0.18666666666666668
Mean,0.304929791786496,0.4107882490842258,0.12327471337548117,0.16100724575379705
