Dataset,A,B,C,D
professional_law,0.3950617283950617,0.8925619834710744,0.6631578947368421,0.5048543689320388
prehistory,0.794392523364486,0.826530612244898,0.7613636363636364,0.5981308411214953
philosophy,0.7358490566037735,0.8275862068965517,0.7386363636363636,0.35555555555555557
high_school_mathematics,0.8854166666666666,0.7327586206896551,0.3108108108108108,0.45614035087719296
conceptual_physics,0.72,0.8611111111111112,0.47435897435897434,0.5641025641025641
college_medicine,0.7766990291262136,0.7843137254901961,0.6494845360824743,0.41836734693877553
abstract_algebra,0.776595744680851,0.7244897959183674,0.24,0.3723404255319149
Mean,0.7251110277321807,0.8089815334027655,0.5554696222206289,0.46928610891439043
