Dataset,A,B,C,D
professional_law,-0.05209325516082139,0.02830694733849365,-0.012830989309054908,0.03661729713138259
prehistory,-0.039697168349847795,0.02284277794376613,-0.015324868409430564,0.0321792588155122
philosophy,-0.015645764595276418,-0.004407699093846945,-0.006918413163961135,0.02697187685308447
high_school_mathematics,-0.004577674105853302,0.0021852944040618993,-0.0028381675835567888,0.005230547285348192
conceptual_physics,-0.03346751918603698,-0.0015369713104054772,0.004761922133985547,0.03024256836245695
college_medicine,-0.015494309755402447,0.00010814186319665908,-0.0059771562834925185,0.021363324175698334
abstract_algebra,0.0015844553100918812,0.02144625891728226,-0.011704315556764489,-0.011326398670609653
Mean,-0.023339875539877358,0.009577974946751904,-0.007157792058946278,0.02091969265207173
Std,0.019338979955804046,0.013754214587089706,0.0068933422039775686,0.016609452834699296
