Dataset,top_1_bin,top_2_bin,top_3_bin,top_4_bin
professional_law,31.5,23.0,23.75,21.75
prehistory,34.25,28.0,21.0,16.75
philosophy,35.5,22.5,21.75,20.25
high_school_mathematics,24.25,23.25,29.0,23.5
conceptual_physics,32.5,25.5,24.0,18.0
college_medicine,28.5,29.25,22.75,19.5
abstract_algebra,23.511904761904763,26.19047619047619,26.785714285714285,23.511904761904763
Mean,30.153508771929825,25.36549707602339,24.08625730994152,20.394736842105264
