Dataset,A,B,C,D
professional_law,0.02181818181818182,0.6763636363636364,0.13454545454545455,0.16727272727272727
prehistory,0.06818181818181818,0.553030303030303,0.17803030303030304,0.20075757575757575
philosophy,0.046511627906976744,0.6472868217054264,0.20930232558139536,0.09689922480620156
high_school_mathematics,0.0,0.7920792079207921,0.16501650165016502,0.0429042904290429
conceptual_physics,0.09259259259259259,0.5666666666666667,0.21481481481481482,0.1259259259259259
college_medicine,0.07342657342657342,0.5664335664335665,0.24475524475524477,0.11538461538461539
abstract_algebra,0.007782101167315175,0.3229571984435798,0.5797665369649806,0.08949416342412451
Mean,0.045185344869398764,0.5954889252650583,0.2388111893900528,0.12051454047549025
