Dataset,A,B,C,D
professional_law,0.08333333333333333,0.9285714285714286,0.44776119402985076,0.6086956521739131
prehistory,0.21495327102803738,0.9343065693430657,0.684931506849315,0.6144578313253012
philosophy,0.17777777777777778,0.9041916167664671,0.6986301369863014,0.6
high_school_mathematics,0.0125,0.9170506912442397,0.5571428571428572,0.36363636363636365
conceptual_physics,0.3191489361702128,0.9496402877697842,0.6458333333333334,0.6338028169014085
college_medicine,0.22772277227722773,0.9150326797385621,0.7142857142857143,0.532258064516129
abstract_algebra,0.038461538461538464,0.7840909090909091,0.9281045751633987,0.3953488372093023
Mean,0.15610289223600607,0.9075189527879987,0.6620164599071092,0.5387344666387324
