Dataset,A,B,C,D
professional_law,-0.009431960039653006,0.018291051573843642,-0.027649186641817078,0.018790095107626414
prehistory,-0.055068129738058746,0.009385352772452393,-0.014858437999534624,0.060541214965141005
philosophy,-0.02308758517078832,0.0041507619821138375,-0.009775264221273422,0.028712087409947906
high_school_mathematics,-0.04313363176315436,0.010912056136462275,0.016602935920720124,0.015618639705971965
conceptual_physics,-0.06840297127422346,0.021083142519618653,0.02272677134938439,0.024593057405220387
college_medicine,0.02699906978206898,-0.00487241331483923,-0.013916246803391513,-0.008210409663838208
abstract_algebra,-0.04847843584857474,-0.0057579167218143185,0.015687238230813055,0.03854911433957603
Mean,-0.031117996245118674,0.00791130140691923,-0.0020017760646241457,0.025208470902823583
Std,0.03272091559751642,0.010343655193599898,0.01957776582266754,0.021308298035945666
