Dataset,top_1_bin,top_2_bin,top_3_bin,top_4_bin
professional_law,42.25,25.0,19.25,13.5
prehistory,68.75,18.25,8.75,4.25
philosophy,68.75,16.0,11.5,3.75
high_school_mathematics,30.0,28.5,23.75,17.75
conceptual_physics,50.5,26.5,15.5,7.5
college_medicine,62.0,20.0,11.75,6.25
abstract_algebra,33.333333333333336,27.976190476190474,25.595238095238095,13.095238095238095
Mean,51.20614035087719,23.06286549707602,16.374269005847953,9.35672514619883
