Dataset,0,1,2,3
professional_law,0.15151515151515152,0.18181818181818182,0.2727272727272727,0.3939393939393939
prehistory,0.232,0.192,0.296,0.28
philosophy,0.376,0.176,0.256,0.192
high_school_mathematics,0.2571428571428571,0.20714285714285716,0.4035714285714286,0.13214285714285715
conceptual_physics,0.43434343434343436,0.18181818181818182,0.2676767676767677,0.11616161616161616
college_medicine,0.25,0.32894736842105265,0.21710526315789475,0.20394736842105263
abstract_algebra,0.5625,0.11160714285714286,0.18303571428571427,0.14285714285714285
Mean,0.3177633688598601,0.1990462849708002,0.2729284696101409,0.21026187655919884
