Dataset,0,1,2,3
professional_law,0.5684210526315789,0.62,0.75,0.8990825688073395
prehistory,0.9333333333333333,0.8541666666666666,0.875,0.9019607843137255
philosophy,0.8867924528301887,0.7894736842105263,0.8712871287128713,0.8571428571428571
high_school_mathematics,0.7752808988764045,0.5882352941176471,0.6987179487179487,0.8301886792452831
conceptual_physics,0.849624060150376,0.7362637362637363,0.7452830188679245,0.8142857142857143
college_medicine,0.8301886792452831,0.8141592920353983,0.7959183673469388,0.8554216867469879
abstract_algebra,0.9533333333333334,0.8235294117647058,0.7333333333333333,0.9166666666666666
Mean,0.825210596062451,0.7447461080667145,0.7824863250943981,0.8666786974476473
