Dataset,0,1,2,3
professional_law,0.00026802679355930614,0.00016842176798034791,-0.009920819773620485,0.009484371212080844
prehistory,0.0016325448838927503,0.004316636446008715,0.0024279092088962673,-0.008377090538797705
philosophy,0.006624749039061961,0.0016740679234667488,-0.004030058767261202,-0.004268758195267508
high_school_mathematics,-0.007831518235488097,-0.012252363833949328,-0.002747513017537895,0.022831395086975292
conceptual_physics,-0.005993160267953962,0.0015348365575939826,0.005542763915382637,-0.0010844402050226853
college_medicine,0.01711202365509973,-0.004299634994156476,-0.0033978503121291914,-0.009414538348814006
abstract_algebra,-0.002589827674475978,-0.003954169850676703,-0.0005207546883499725,0.007064752213502681
Mean,0.0014089489212882843,-0.0017806343286000646,-0.0018366962989011467,0.0022083817062129364
Std,0.008553961748065466,0.0056017536655835415,0.005017672478424406,0.011669860251000681
