Dataset,0,1,2,3
professional_law,0.46511627906976744,0.12790697674418605,0.26356589147286824,0.1434108527131783
prehistory,0.6872246696035242,0.07929515418502203,0.10572687224669604,0.1277533039647577
philosophy,0.7053140096618358,0.09178743961352658,0.0966183574879227,0.10628019323671498
high_school_mathematics,0.760797342192691,0.07973421926910298,0.08305647840531562,0.07641196013289037
conceptual_physics,0.7574626865671642,0.08582089552238806,0.07835820895522388,0.07835820895522388
college_medicine,0.6983471074380165,0.09917355371900827,0.1115702479338843,0.09090909090909091
abstract_algebra,0.7470355731225297,0.08695652173913043,0.08300395256916997,0.08300395256916997
Mean,0.6873935637362463,0.09309381832077536,0.11821920711403709,0.10129341082894136
