Dataset,0,1,2,3
professional_law,0.7611111111111111,0.921875,0.9058823529411765,0.8169014084507042
prehistory,0.905940594059406,0.8548387096774194,0.8095238095238095,0.7671232876712328
philosophy,0.8676470588235294,0.9090909090909091,0.8923076923076924,0.8153846153846154
high_school_mathematics,1.0,0.98,1.0,0.86
conceptual_physics,0.9416666666666667,0.9454545454545454,0.8518518518518519,0.9019607843137255
college_medicine,0.8823529411764706,0.8484848484848485,0.9137931034482759,0.8545454545454545
abstract_algebra,1.0,1.0,1.0,0.9761904761904762
Mean,0.9062453759995883,0.9210152065362167,0.9083857909463167,0.8532040278312475
