Dataset,top_1_bin,top_2_bin,top_3_bin,top_4_bin
professional_law,33.5,26.25,14.5,25.75
prehistory,38.25,25.75,15.25,20.75
philosophy,29.25,31.0,17.25,22.5
high_school_mathematics,27.0,27.25,20.5,25.25
conceptual_physics,35.0,26.5,16.5,22.0
college_medicine,32.75,26.75,16.75,23.75
abstract_algebra,27.976190476190474,33.035714285714285,13.69047619047619,25.297619047619047
Mean,32.05409356725146,27.960526315789473,16.410818713450293,23.57456140350877
