Dataset,top_1_bin,top_2_bin,top_3_bin,top_4_bin
professional_psychology,27.777777777777775,32.53968253968254,21.428571428571427,18.253968253968253
electrical_engineering,25.0,25.0,41.66666666666667,8.333333333333334
college_biology,25.0,25.0,25.0,25.0
marketing,62.50000000000001,18.75,10.416666666666668,8.333333333333334
high_school_world_history,39.70588235294118,29.411764705882355,8.823529411764707,22.058823529411768
Mean,33.75,29.75,18.75,17.75
