Dataset,0,1,2,3
professional_psychology,0.3131868131868132,0.34065934065934067,0.2967032967032967,0.04945054945054945
electrical_engineering,0.1111111111111111,0.1111111111111111,0.7777777777777778,0.0
college_biology,0.5333333333333333,0.2,0.2,0.06666666666666667
marketing,0.5,0.3333333333333333,0.16666666666666666,0.0
high_school_world_history,0.3902439024390244,0.3902439024390244,0.21951219512195122,0.0
Mean,0.35364915572232647,0.3342901813633521,0.27757348342714194,0.03448717948717949
