Dataset,0,1,2,3
professional_law,0.12406015037593984,0.5939849624060151,0.14661654135338345,0.13533834586466165
prehistory,0.2145748987854251,0.5020242914979757,0.11740890688259109,0.1659919028340081
philosophy,0.127208480565371,0.6325088339222615,0.10954063604240283,0.13074204946996468
high_school_mathematics,0.17123287671232876,0.5856164383561644,0.1815068493150685,0.06164383561643835
conceptual_physics,0.16538461538461538,0.5576923076923077,0.17692307692307693,0.1
college_medicine,0.17100371747211895,0.483271375464684,0.1821561338289963,0.16356877323420074
abstract_algebra,0.14049586776859505,0.7024793388429752,0.09504132231404959,0.06198347107438017
Mean,0.1595732848276928,0.5767808266034368,0.14531971565633345,0.11832617291253697
