Dataset,0,1,2,3
professional_psychology,0.8208955223880597,0.75,0.6307692307692307,0.3055555555555556
electrical_engineering,1.0,0.5,0.8571428571428571,0.0
college_biology,0.8,0.3333333333333333,0.5,0.0
marketing,0.8571428571428571,0.6111111111111112,0.875,0.625
high_school_world_history,0.8695652173913043,0.7894736842105263,0.6842105263157895,0.42857142857142855
Mean,0.8378474089181422,0.7117105263157895,0.6694146905725853,0.34035714285714286
