Dataset,0,1,2,3
professional_law,0.9137931034482759,0.8160377358490566,0.8153846153846154,0.8461538461538461
prehistory,0.9375,0.7741935483870968,0.75,0.7878787878787878
philosophy,1.0,0.8577586206896551,0.9215686274509803,0.9516129032258065
high_school_mathematics,0.9622641509433962,0.8214285714285714,0.494949494949495,0.40384615384615385
conceptual_physics,0.95,0.7681159420289855,0.7625,0.8490566037735849
college_medicine,0.8656716417910447,0.7382198952879581,0.7721518987341772,0.7619047619047619
abstract_algebra,1.0,0.8969072164948454,0.5714285714285714,0.6190476190476191
Mean,0.9457936982723271,0.8083561952524844,0.7304904439355655,0.7486042480676816
