Dataset,0,1,2,3
professional_law,0.017430476182674237,-0.013702724117322845,-0.005577889858852686,0.0018501377935014052
prehistory,0.021226497523924914,-0.006109211506483914,-0.008851132871258133,-0.006266153146182868
philosophy,0.016011954640482245,-0.011717227249552264,-0.008349862718922713,0.004055135327992676
high_school_mathematics,0.03163337370984226,0.014180297258176072,-0.0095589703632874,-0.03625470060473085
conceptual_physics,0.0385583986837538,-0.005233890987593415,-0.00946218972724569,-0.023862317968914692
college_medicine,0.027782921307165448,-0.020580267084624515,-0.006168767794695107,-0.0010338864278458537
abstract_algebra,0.03721059351600581,0.015518500721625889,-0.014646345814968209,-0.0380827484226636
Mean,0.02688604102358009,-0.004404602789654259,-0.008811658453046056,-0.013669779780879765
Std,0.00913344024317282,0.013601217864229305,0.0028392075374307334,0.01793157929993871
