Dataset,top_1_bin,top_2_bin,top_3_bin,top_4_bin
professional_law,41.0,19.75,17.75,21.5
prehistory,48.75,21.0,18.5,11.75
philosophy,44.25,31.0,16.25,8.5
high_school_mathematics,30.0,19.75,23.25,27.0
conceptual_physics,32.0,29.0,24.5,14.5
college_medicine,39.25,28.25,18.25,14.25
abstract_algebra,27.678571428571427,25.297619047619047,22.916666666666668,24.107142857142858
Mean,37.792397660818715,24.853801169590643,20.13888888888889,17.214912280701753
