Dataset,A,B,C,D
professional_law,0.31223628691983124,0.16033755274261605,0.1350210970464135,0.3924050632911392
prehistory,0.6487804878048781,0.1024390243902439,0.1073170731707317,0.14146341463414633
philosophy,0.5067264573991032,0.2062780269058296,0.17040358744394618,0.11659192825112108
high_school_mathematics,0.5571428571428572,0.03571428571428571,0.06785714285714285,0.3392857142857143
conceptual_physics,0.5551470588235294,0.17279411764705882,0.11029411764705882,0.16176470588235295
college_medicine,0.49173553719008267,0.16942148760330578,0.11570247933884298,0.2231404958677686
abstract_algebra,0.7448559670781894,0.02880658436213992,0.0411522633744856,0.18518518518518517
Mean,0.5405625288926843,0.1273657932554879,0.1083572220378222,0.22371445581400554
