Dataset,A,B,C,D
professional_law,0.92,0.75,0.5657894736842105,0.7428571428571429
prehistory,0.9142857142857143,0.5238095238095238,0.6896551724137931,0.6404494382022472
philosophy,0.8740740740740741,0.6631578947368421,0.6813186813186813,0.6582278481012658
high_school_mathematics,0.8698630136986302,0.14285714285714285,0.2191780821917808,0.711864406779661
conceptual_physics,0.9038461538461539,0.5698924731182796,0.5833333333333334,0.6075949367088608
college_medicine,0.9083969465648855,0.5346534653465347,0.5189873417721519,0.6629213483146067
abstract_algebra,0.9430379746835443,0.11627906976744186,0.22641509433962265,0.4146341463414634
Mean,0.9038914914040401,0.4798311284317213,0.5041594684150927,0.6392116672354697
