Dataset,A,B,C,D
professional_law,0.022018130009392595,-0.04955206020632508,0.019505411815858853,0.008028518381073657
prehistory,-0.0024970792307932865,-0.024563532005806132,0.027008234428519518,5.2376808079790393e-05
philosophy,0.03383389244446239,-0.024236682208867794,0.006459305889396416,-0.016056516124990927
high_school_mathematics,0.012370642407098884,-0.008537187264375856,-0.01270807932515719,0.00887462418243419
conceptual_physics,0.03694367778603061,-0.028330374256671814,-0.0023596916158627745,-0.006253611913496049
college_medicine,0.02536501390786458,-0.03077155563965625,0.021744280185510306,-0.016337738453718664
abstract_algebra,-0.0012562684848343164,-0.00289108167707626,-0.005638032977919483,0.0097853831398301
Mean,0.01856418301122733,-0.024622792425503942,0.00802829147321824,-0.001969682058941625
Std,0.01568225535655303,0.015057938052758279,0.015331534159468769,0.011395779264307179
