Dataset,top_1_bin,top_2_bin,top_3_bin,top_4_bin
professional_law,37.75,24.75,22.0,15.5
prehistory,49.75,27.75,14.5,8.0
philosophy,49.5,22.25,16.0,12.25
high_school_mathematics,28.25,23.0,24.25,24.5
conceptual_physics,38.0,28.75,22.25,11.0
college_medicine,44.0,24.0,17.75,14.25
abstract_algebra,28.86904761904762,27.38095238095238,23.80952380952381,19.94047619047619
Mean,39.69298245614035,25.36549707602339,19.992690058479532,14.948830409356725
