Dataset,0,1,2,3
professional_law,0.3453815261044177,0.14457831325301204,0.3172690763052209,0.1927710843373494
prehistory,0.3582089552238806,0.16417910447761194,0.3034825870646766,0.17412935323383086
philosophy,0.24752475247524752,0.20297029702970298,0.3564356435643564,0.19306930693069307
high_school_mathematics,0.27526132404181186,0.24041811846689895,0.40069686411149824,0.08362369337979095
conceptual_physics,0.3467741935483871,0.25,0.27419354838709675,0.12903225806451613
college_medicine,0.33482142857142855,0.17857142857142858,0.32589285714285715,0.16071428571428573
abstract_algebra,0.497907949790795,0.11715481171548117,0.2928870292887029,0.09205020920502092
Mean,0.3400898914896844,0.1870069157367922,0.32514556742371586,0.14775762534980758
