Dataset,0,1,2,3
professional_law,0.7372262773722628,0.6746987951807228,0.8613861386138614,0.810126582278481
prehistory,0.7608695652173914,0.8313253012048193,0.9489795918367347,0.8765432098765432
philosophy,0.6052631578947368,0.7628865979381443,0.900990099009901,0.8295454545454546
high_school_mathematics,0.6220472440944882,0.7216494845360825,0.8403361344537815,0.6666666666666666
conceptual_physics,0.75,0.8829787234042553,0.9204545454545454,0.7837837837837838
college_medicine,0.7481481481481481,0.7666666666666667,0.8969072164948454,0.7564102564102564
abstract_algebra,0.8598726114649682,0.8431372549019608,0.948051948051948,0.8823529411764706
Mean,0.7230771032686549,0.7819357986912775,0.9013768073431733,0.7988673134721374
