Dataset,0,1,2,3
professional_law,-0.0030411781849485897,-0.0026386405994200945,0.006688461801793388,-0.0010086430174245375
prehistory,-0.02140593507140326,0.013095336609848462,0.005192410034328021,0.0031181884272266647
philosophy,-0.018121161892188598,0.015627895234802847,0.00769090023784913,-0.005197633580463212
high_school_mathematics,-0.0382721999865033,0.012377066680386184,0.02328081737015056,0.0026143159359665324
conceptual_physics,-0.03574436608565801,0.02628855479953901,0.01646901347751195,-0.007013202191393009
college_medicine,-0.000822831083943043,0.0007835670861033872,-0.0022586395420376437,0.002297903539877133
abstract_algebra,-0.03655569170479425,0.008761432161153354,0.008405034389210447,0.019389225154430423
Mean,-0.021654159844542685,0.010656927313834594,0.009374735711481313,0.0016224968192267728
Std,0.01575320557195726,0.009734265091302674,0.008338004448400164,0.008229480455901545
