Dataset,A,B,C,D
professional_law,0.4756554307116105,0.10486891385767791,0.19101123595505617,0.22846441947565543
prehistory,0.3612565445026178,0.11518324607329843,0.18324607329842932,0.3403141361256545
philosophy,0.457286432160804,0.12060301507537688,0.15577889447236182,0.2663316582914573
high_school_mathematics,0.484251968503937,0.10236220472440945,0.16141732283464566,0.25196850393700787
conceptual_physics,0.27699530516431925,0.09859154929577464,0.22065727699530516,0.40375586854460094
college_medicine,0.36538461538461536,0.1201923076923077,0.1778846153846154,0.33653846153846156
abstract_algebra,0.5863636363636363,0.09545454545454546,0.17272727272727273,0.14545454545454545
Mean,0.42593212733528635,0.10847705481003847,0.18056817661276647,0.2850226412419088
