Dataset,A,B,C,D
professional_law,0.746268656716418,0.8596491228070176,0.972972972972973,1.0
prehistory,0.546448087431694,0.7611940298507462,0.9102564102564102,1.0
philosophy,0.5825242718446602,0.953125,0.9841269841269841,0.9701492537313433
high_school_mathematics,0.6041666666666666,0.9615384615384616,0.9814814814814815,0.9814814814814815
conceptual_physics,0.39790575916230364,0.7833333333333333,0.8714285714285714,0.9873417721518988
college_medicine,0.5297297297297298,0.875,0.9027777777777778,0.9113924050632911
abstract_algebra,0.8064516129032258,0.8604651162790697,0.9152542372881356,1.0
Mean,0.5971436442090909,0.8650044802929792,0.934482128269917,0.9781235252087741
