Dataset,A,B,C,D
professional_law,-0.0076316837690840605,-0.006209904030122004,0.0029063654300898606,0.01093522236911626
prehistory,0.025105984661469433,-0.0032866890272059412,-0.0027250246264245437,-0.019094271007838975
philosophy,0.016583213081476395,-0.004493401726588131,0.0027516651622455923,-0.014841476517133856
high_school_mathematics,-0.017552273109505134,0.002008637129212426,0.008460085346103347,0.007083550634189306
conceptual_physics,-0.0023403716989399415,0.003781536137886593,0.0004899751369642213,-0.001931139575910873
college_medicine,0.013244027276852782,0.0076589424442274345,-0.003946190979518177,-0.01695677874156193
abstract_algebra,-0.0018888677981712676,-0.02234717570890757,0.012867257796550596,0.011368785710528184
Mean,0.0037751823818429247,-0.002823465887145026,0.0027405514647021643,-0.0036922679594000567
Std,0.015223670855302492,0.009343147513648998,0.005820771125873371,0.01345744358635598
