Dataset,top_1_bin,top_2_bin,top_3_bin,top_4_bin
professional_law,52.5,35.5,8.5,3.5
prehistory,68.5,23.75,5.75,2.0
philosophy,69.0,24.0,4.5,2.5
high_school_mathematics,45.25,43.25,6.5,5.0
conceptual_physics,58.0,30.25,7.5,4.25
college_medicine,62.75,28.0,6.0,3.25
abstract_algebra,48.80952380952381,40.773809523809526,5.357142857142857,5.059523809523809
Mean,58.04093567251462,32.01754385964912,6.323099415204679,3.6184210526315788
