Dataset,0,1,2,3
professional_law,0.18974358974358974,0.1794871794871795,0.30256410256410254,0.3282051282051282
prehistory,0.26717557251908397,0.19083969465648856,0.2366412213740458,0.3053435114503817
philosophy,0.30952380952380953,0.16666666666666666,0.23809523809523808,0.2857142857142857
high_school_mathematics,0.3125,0.15625,0.20982142857142858,0.32142857142857145
conceptual_physics,0.27058823529411763,0.22941176470588234,0.2411764705882353,0.25882352941176473
college_medicine,0.2692307692307692,0.1858974358974359,0.23717948717948717,0.3076923076923077
abstract_algebra,0.4678362573099415,0.23976608187134502,0.18128654970760233,0.1111111111111111
Mean,0.29411468310697675,0.1915140716645589,0.236514422533176,0.27785682269528844
