Dataset,0,1,2,3
professional_law,0.5242718446601942,0.6022727272727273,0.5317460317460317,0.9156626506024096
prehistory,0.6952380952380952,0.7391304347826086,0.7363636363636363,0.8924731182795699
philosophy,0.75,0.6732673267326733,0.7264150943396226,0.8279569892473119
high_school_mathematics,0.6140350877192983,0.4268292682926829,0.4842105263157895,0.6972477064220184
conceptual_physics,0.580952380952381,0.6868686868686869,0.6944444444444444,0.8295454545454546
college_medicine,0.6355140186915887,0.6095238095238096,0.6526315789473685,0.8924731182795699
abstract_algebra,0.6545454545454545,0.8082191780821918,0.38823529411764707,0.36764705882352944
Mean,0.6359400013274473,0.6457304624359985,0.6070071577800755,0.7842372173666812
