Dataset,0,1,2,3
professional_law,0.031722486463541644,-0.005261560828039802,-0.015294801111373213,-0.011166124524128795
prehistory,0.0010048844017296887,-0.004574911079594013,0.01554166830658188,-0.011971641628717666
philosophy,-0.012179243064149692,0.015464635354133505,-0.001981528488408324,-0.0013038638015754334
high_school_mathematics,0.021430743835221866,-0.006844208605230495,-0.016362680717563194,0.001776145487571823
conceptual_physics,-0.022359531412870504,0.010519528383738985,0.01656014147955759,-0.004720138450426292
college_medicine,-0.023610521975907572,0.024822804620941163,0.00990008740807069,-0.01111237005310417
abstract_algebra,0.011333584002726882,-0.008810553891689055,0.0281632976877198,-0.030686327798757462
Mean,0.0008083375453005875,0.003907225522943061,0.004681294873472231,-0.009396857941715906
Std,0.02176486614617209,0.01320802811246655,0.01670796508785649,0.010166415715693917
