Dataset,top_1_bin,top_2_bin,top_3_bin,top_4_bin
professional_law,39.75,28.25,17.25,14.75
prehistory,34.0,34.25,20.0,11.75
philosophy,29.75,41.5,18.25,10.5
high_school_mathematics,22.5,36.75,20.0,20.75
conceptual_physics,30.5,32.0,23.25,14.25
college_medicine,33.25,34.5,16.75,15.5
abstract_algebra,23.80952380952381,31.25,27.976190476190474,16.964285714285715
Mean,30.665204678362574,34.13742690058479,20.321637426900583,14.875730994152047
