Dataset,0,1,2,3
professional_law,0.6556016597510373,0.06639004149377593,0.16182572614107885,0.11618257261410789
prehistory,0.7121212121212122,0.05303030303030303,0.13257575757575757,0.10227272727272728
philosophy,0.7473309608540926,0.0711743772241993,0.08896797153024912,0.09252669039145907
high_school_mathematics,0.7,0.07419354838709677,0.15161290322580645,0.07419354838709677
conceptual_physics,0.6151079136690647,0.14388489208633093,0.17625899280575538,0.06474820143884892
college_medicine,0.7340823970037453,0.06741573033707865,0.10486891385767791,0.09363295880149813
abstract_algebra,0.8235294117647058,0.047058823529411764,0.10196078431372549,0.027450980392156862
Mean,0.7099428142224422,0.07538279302975007,0.13183586607600215,0.08283852667180552
