Dataset,0,1,2,3
professional_law,0.8135593220338984,0.5238095238095238,0.5,0.640625
prehistory,0.8577586206896551,0.5789473684210527,0.8771929824561403,0.8148148148148148
philosophy,0.9173553719008265,0.76,0.8363636363636363,0.8301886792452831
high_school_mathematics,0.8869565217391304,0.7647058823529411,0.42857142857142855,0.6326530612244898
conceptual_physics,0.7869565217391304,0.7777777777777778,0.7413793103448276,0.6530612244897959
college_medicine,0.8686440677966102,0.6296296296296297,0.6964285714285714,0.8518518518518519
abstract_algebra,0.9428571428571428,0.6428571428571429,0.4523809523809524,0.38095238095238093
Mean,0.8659693605115866,0.6688406698817142,0.6520374165445326,0.6934495075476952
