Dataset,0,1,2,3
professional_law,-0.007844276599222294,-0.007721793402104757,0.009013735213797738,0.006552334787529326
prehistory,0.008918382782364814,-0.007130760056453994,-0.008096058443070778,0.0063084357171599575
philosophy,0.011160657698266352,-0.007459177754994523,-0.006708399399823081,0.003006919456551224
high_school_mathematics,-0.005707160013354549,0.006815303457968339,-0.008648838002465555,0.007540694557851738
conceptual_physics,-0.0008846302643836235,0.008195271570080084,-0.006417308099216187,-0.0008933332064803012
college_medicine,0.0010484072337207662,-0.002449814868937056,-0.007228143210675941,0.008629550845892231
abstract_algebra,-0.002022218017889224,0.006774347607998263,-0.015606330906655683,0.01085420131654663
Mean,0.0007299294886497832,-0.000593643137971252,-0.0060225628513223065,0.005886276500643764
Std,0.007153755103697266,0.0074114047020096855,0.007349611329154483,0.0038281088242111605
