Dataset,top_1_bin,top_2_bin,top_3_bin,top_4_bin
professional_law,42.0,22.25,21.25,14.5
prehistory,69.25,19.0,9.0,2.75
philosophy,64.75,23.25,9.0,3.0
high_school_mathematics,31.75,28.0,27.0,13.25
conceptual_physics,51.0,25.75,15.0,8.25
college_medicine,57.25,17.0,16.5,9.25
abstract_algebra,31.25,28.273809523809522,28.57142857142857,11.904761904761905
Mean,50.03654970760234,23.24561403508772,17.799707602339183,8.91812865497076
