Dataset,A,B,C,D
professional_law,0.1896551724137931,0.1724137931034483,0.3577586206896552,0.2801724137931034
prehistory,0.12195121951219512,0.2764227642276423,0.34959349593495936,0.25203252032520324
philosophy,0.24822695035460993,0.28368794326241137,0.3120567375886525,0.15602836879432624
high_school_mathematics,0.1575091575091575,0.20512820512820512,0.5164835164835165,0.12087912087912088
conceptual_physics,0.3877551020408163,0.2653061224489796,0.28061224489795916,0.0663265306122449
college_medicine,0.24561403508771928,0.3216374269005848,0.26900584795321636,0.16374269005847952
abstract_algebra,0.5411255411255411,0.0735930735930736,0.27705627705627706,0.10822510822510822
Mean,0.26392647536019676,0.23193193521775635,0.33892364565427363,0.16521794376777327
