Dataset,A,B,C,D
professional_law,0.788235294117647,0.7976190476190477,0.9210526315789473,0.7606837606837606
prehistory,0.7708333333333334,0.9117647058823529,0.9607843137254902,0.87
philosophy,0.8285714285714286,0.8932038834951457,0.9514563106796117,0.7865168539325843
high_school_mathematics,0.5566037735849056,0.7029702970297029,0.9349593495934959,0.5857142857142857
conceptual_physics,0.8507462686567164,0.8383838383838383,0.9494949494949495,0.7941176470588235
college_medicine,0.8476190476190476,0.8813559322033898,0.9782608695652174,0.8588235294117647
abstract_algebra,0.9125,0.7959183673469388,0.9130434782608695,0.7413793103448276
Mean,0.7908054306846606,0.8324370077755712,0.9448779161369651,0.771727294954806
