Dataset,A,B,C,D
professional_law,-0.02483499856464856,0.012722277976972923,0.005673066763158541,0.006439653824517083
prehistory,-0.011781632736095449,0.01994050559795063,-0.00853496993368727,0.00037609707183206
philosophy,-0.012024226132429178,0.007870921203653736,-0.008744834800099993,0.012898139728875435
high_school_mathematics,-0.013085190611671918,-0.00022933611326782233,0.010016309525123404,0.003298217199816336
conceptual_physics,-0.002305419587790486,0.016267214930458296,0.001587435074043242,-0.015549230416710996
college_medicine,-0.005469743161629764,0.011007327585830284,-0.012082649589652078,0.006545065165451613
abstract_algebra,-0.003930591397202268,0.004055947851013195,0.0003506981287017402,-0.0004760545825126389
Mean,-0.010643699936829716,0.010378056633983793,-0.0017238386744158909,0.00198948197726183
Std,0.0076698877111517775,0.006966613697280515,0.008365991932543422,0.009018498263266256
