Dataset,top_1_bin,top_2_bin,top_3_bin,top_4_bin
professional_law,38.25,22.25,14.25,25.25
prehistory,49.25,19.5,13.0,18.25
philosophy,48.0,20.0,13.75,18.25
high_school_mathematics,25.75,30.75,15.75,27.75
conceptual_physics,37.75,28.0,15.25,19.0
college_medicine,41.25,25.75,13.75,19.25
abstract_algebra,29.464285714285715,28.57142857142857,13.095238095238095,28.86904761904762
Mean,38.74269005847953,24.890350877192983,14.144736842105264,22.22222222222222
