Dataset,0,1,2,3
professional_law,0.004048582995951417,0.10121457489878542,0.27125506072874495,0.6234817813765182
prehistory,0.06403940886699508,0.20689655172413793,0.27586206896551724,0.45320197044334976
philosophy,0.09615384615384616,0.2403846153846154,0.24519230769230768,0.4182692307692308
high_school_mathematics,0.010101010101010102,0.06397306397306397,0.24242424242424243,0.6835016835016835
conceptual_physics,0.08835341365461848,0.23293172690763053,0.2570281124497992,0.42168674698795183
college_medicine,0.05106382978723404,0.14893617021276595,0.2723404255319149,0.5276595744680851
abstract_algebra,0.02531645569620253,0.05485232067510549,0.1729957805907173,0.7468354430379747
Mean,0.04898039683398617,0.15210711293393098,0.24991501074396624,0.5489974794881167
