Dataset,0,1,2,3
professional_law,0.0196078431372549,0.5846153846153846,0.6530612244897959,0.9037037037037037
prehistory,0.2268041237113402,0.7710843373493976,0.7090909090909091,0.9090909090909091
philosophy,0.2909090909090909,0.8023255813953488,0.7157894736842105,0.908256880733945
high_school_mathematics,0.07017543859649122,0.45,0.7752808988764045,0.8814432989690721
conceptual_physics,0.2692307692307692,0.7468354430379747,0.8295454545454546,0.8604651162790697
college_medicine,0.23333333333333334,0.6987951807228916,0.6509433962264151,0.8760330578512396
abstract_algebra,0.0967741935483871,0.5555555555555556,0.6231884057971014,0.8874172185430463
Mean,0.17417411133025218,0.6608658762847462,0.7101154411963091,0.8895355892111254
