Dataset,0,1,2,3
professional_law,-0.06523134869108342,-0.006687447862843282,0.010746503784379274,0.06117229276954739
prehistory,-0.09111588082407474,0.013667621550579878,0.01982185954176055,0.057626399731734335
philosophy,-0.044333450713606504,-0.011870223344103759,0.005539532980766204,0.05066414107694406
high_school_mathematics,-0.11548969169618227,-0.01985797820939303,0.030465784050714817,0.10488188585486044
conceptual_physics,-0.06745568700608628,-0.007429131109994935,0.016431140092232982,0.05845367802384818
college_medicine,-0.04603559912503538,-0.015083065883915753,0.004123815001023962,0.0569948500079272
abstract_algebra,-0.10247749932762815,-0.0024238331041957217,0.000512511564557866,0.10438882086726609
Mean,-0.0754009879373211,-0.0072070533139174395,0.01280104461478164,0.06980699663645688
Std,0.02760098462202781,0.010922894325567175,0.010398560509566154,0.023064738930177135
