Dataset,top_1_bin,top_2_bin,top_3_bin,top_4_bin
professional_law,47.0,33.0,9.75,10.25
prehistory,66.5,24.0,6.75,2.75
philosophy,60.25,29.5,7.25,3.0
high_school_mathematics,41.5,35.25,14.5,8.75
conceptual_physics,53.75,29.0,12.25,5.0
college_medicine,55.5,34.0,5.5,5.0
abstract_algebra,43.75,33.92857142857143,15.476190476190476,6.845238095238095
Mean,52.81432748538012,31.176900584795323,10.087719298245615,5.921052631578948
