Dataset,0,1,2,3
professional_law,0.15566037735849056,0.2169811320754717,0.27358490566037735,0.35377358490566035
prehistory,0.2537313432835821,0.2537313432835821,0.30597014925373134,0.1865671641791045
philosophy,0.14556962025316456,0.2974683544303797,0.2974683544303797,0.25949367088607594
high_school_mathematics,0.13675213675213677,0.16666666666666666,0.32905982905982906,0.36752136752136755
conceptual_physics,0.17297297297297298,0.25405405405405407,0.34594594594594597,0.22702702702702704
college_medicine,0.19101123595505617,0.2247191011235955,0.30337078651685395,0.2808988764044944
abstract_algebra,0.1164021164021164,0.164021164021164,0.24867724867724866,0.4708994708994709
Mean,0.16863676379432466,0.22681263587887826,0.3017966169233927,0.30275398340340426
