Dataset,0,1,2,3
professional_law,0.33070866141732286,0.7195121951219512,0.8674698795180723,0.6574074074074074
prehistory,0.5847457627118644,0.7575757575757576,0.8804347826086957,0.7802197802197802
philosophy,0.4766355140186916,0.8163265306122449,0.8163265306122449,0.845360824742268
high_school_mathematics,0.2892561983471074,0.6865671641791045,0.7934782608695652,0.6583333333333333
conceptual_physics,0.5277777777777778,0.8061224489795918,0.8888888888888888,0.7789473684210526
college_medicine,0.49137931034482757,0.7171717171717171,0.8313253012048193,0.7058823529411765
abstract_algebra,0.2875,0.9090909090909091,0.7590361445783133,0.7663551401869159
Mean,0.43011743049964785,0.7700164001866564,0.8356014627409458,0.7412118983657935
