Dataset,0,1,2,3
professional_law,-0.03294706187183499,0.027741943393474355,0.0021629426722934997,0.003042175806067249
prehistory,0.00534108516517251,0.010896504989255873,-0.016121103888749988,-0.00011648626567850595
philosophy,0.004505691855607841,0.0035104875412848013,-0.012412904039172723,0.0043967246422801365
high_school_mathematics,-0.04851229586840661,-0.0008125414861302471,0.02079584073905566,0.028528996615481195
conceptual_physics,-0.005234518931804766,0.023467974089201094,-0.017984625975873192,-0.0002488291815231358
college_medicine,-0.0031979201239444865,-0.00224683942762538,-0.006025857966471815,0.011470617518041681
abstract_algebra,-0.04421501014687862,0.037284140812921085,-0.018695696828163855,0.02562656616212139
Mean,-0.01713240179803926,0.013724591722560558,-0.0066213587418971044,0.010029168817375816
Std,0.023222096535707157,0.015101954434377821,0.014337876912681038,0.01195726052099244
