Dataset,top_1_bin,top_2_bin,top_3_bin,top_4_bin
professional_law,36.75,28.25,20.75,14.25
prehistory,45.0,34.5,14.75,5.75
philosophy,44.0,33.25,17.75,5.0
high_school_mathematics,24.75,37.5,21.0,16.75
conceptual_physics,32.5,43.0,17.5,7.0
college_medicine,41.5,31.75,17.5,9.25
abstract_algebra,25.297619047619047,38.69047619047619,19.047619047619047,16.964285714285715
Mean,35.92836257309941,35.19736842105263,18.31140350877193,10.562865497076023
