Dataset,A,B,C,D
professional_law,0.6328125,0.015625,0.2265625,0.125
prehistory,0.8687782805429864,0.00904977375565611,0.058823529411764705,0.06334841628959276
philosophy,0.9111111111111111,0.0,0.057777777777777775,0.03111111111111111
high_school_mathematics,0.9900332225913622,0.0,0.0,0.009966777408637873
conceptual_physics,0.9630996309963099,0.0036900369003690036,0.02214022140221402,0.01107011070110701
college_medicine,0.8540772532188842,0.030042918454935622,0.055793991416309016,0.060085836909871244
abstract_algebra,1.0,0.0,0.0,0.0
Mean,0.8859520465585751,0.008539141682888997,0.06156403801287508,0.04394477374566082
