Dataset,A,B,C,D
professional_law,0.8390804597701149,0.18181818181818182,0.62,0.6056338028169014
prehistory,0.9170731707317074,0.20689655172413793,0.6031746031746031,0.5675675675675675
philosophy,0.9346733668341709,0.16129032258064516,0.4861111111111111,0.5223880597014925
high_school_mathematics,0.996,0.0,0.0,0.038461538461538464
conceptual_physics,0.95,0.037037037037037035,0.1864406779661017,0.2765957446808511
college_medicine,0.9065420560747663,0.2698412698412698,0.5161290322580645,0.5737704918032787
abstract_algebra,1.0,0.0,0.0,0.023809523809523808
Mean,0.9332410896799357,0.1252753454680222,0.352610442179807,0.3807627492736301
