Dataset,A,B,C,D
professional_law,0.008555613426167952,-0.02802431523872187,0.01289870860202394,0.0065699932105299785
prehistory,0.00883058219214189,-0.022637106444318378,0.010794016629072006,0.00301250762310451
philosophy,0.015372364259791133,-0.027024437019860653,0.0076289046586457965,0.004023168101423835
high_school_mathematics,0.08155470914040294,-0.048969565988053264,-0.019417443892403435,-0.013167699259946195
conceptual_physics,0.02914222897330615,-0.03707372339056218,-0.004907207226628435,0.012838701643884481
college_medicine,0.028298505702664234,-0.03001756534101957,0.006075942744250967,-0.004356883105895687
abstract_algebra,0.044550336831817916,-0.03421917876531058,-0.011481951365885076,0.0011507932993777836
Mean,0.030581328455146387,-0.032527898184999536,0.0005011816326925981,0.0014453880971605645
Std,0.02599309587318448,0.00874479305447166,0.012311370058277562,0.008389781853296002
