Dataset,top_1_bin,top_2_bin,top_3_bin,top_4_bin
professional_psychology,40.476190476190474,26.587301587301585,21.03174603174603,11.904761904761903
electrical_engineering,58.333333333333336,0.0,16.666666666666668,25.0
college_biology,40.0,30.0,20.0,10.0
marketing,62.50000000000001,12.5,25.0,0.0
high_school_world_history,54.411764705882355,17.647058823529413,19.11764705882353,8.823529411764707
Mean,46.0,22.75,21.0,10.25
