Dataset,top_1_bin,top_2_bin,top_3_bin,top_4_bin
professional_law,38.5,32.0,21.25,8.25
prehistory,49.5,20.75,22.25,7.5
philosophy,42.75,24.0,22.5,10.75
high_school_mathematics,34.25,23.25,22.75,19.75
conceptual_physics,40.0,20.0,26.25,13.75
college_medicine,42.0,27.25,20.75,10.0
abstract_algebra,38.095238095238095,25.297619047619047,18.154761904761905,18.452380952380953
Mean,40.78947368421053,24.63450292397661,22.076023391812864,12.5
