Dataset,0,1,2,3
professional_law,0.29004329004329005,0.16883116883116883,0.23809523809523808,0.30303030303030304
prehistory,0.336283185840708,0.18584070796460178,0.21238938053097345,0.26548672566371684
philosophy,0.3497942386831276,0.1646090534979424,0.2551440329218107,0.23045267489711935
high_school_mathematics,0.5602836879432624,0.11702127659574468,0.1773049645390071,0.1453900709219858
conceptual_physics,0.46875,0.12890625,0.2421875,0.16015625
college_medicine,0.4122448979591837,0.1469387755102041,0.19183673469387755,0.24897959183673468
abstract_algebra,0.419811320754717,0.2358490566037736,0.15566037735849056,0.18867924528301888
Mean,0.4049767265940839,0.1623187777700046,0.2116538841757367,0.2210506114601748
