Dataset,0,1,2,3
professional_psychology,0.3310810810810811,0.11486486486486487,0.23648648648648649,0.31756756756756754
electrical_engineering,0.3333333333333333,0.16666666666666666,0.5,0.0
college_biology,0.5714285714285714,0.14285714285714285,0.0,0.2857142857142857
marketing,0.21052631578947367,0.15789473684210525,0.3684210526315789,0.2631578947368421
high_school_world_history,0.08571428571428572,0.22857142857142856,0.22857142857142856,0.45714285714285713
Mean,0.28698709611867507,0.14231223328591752,0.24705415565941885,0.32364651493598856
