Dataset,0,1,2,3
professional_psychology,0.5086206896551724,0.675,0.9148936170212766,0.9387755102040817
electrical_engineering,0.4,0.5,1.0,1.0
college_biology,0.6923076923076923,1.0,1.0,1.0
marketing,0.5625,0.8181818181818182,1.0,0.8181818181818182
high_school_world_history,0.11764705882352941,0.3333333333333333,0.9411764705882353,1.0
Mean,0.4545464190981432,0.6450984848484849,0.9363829787234041,0.9396103896103896
