Dataset,0,1,2,3
professional_law,0.48125,0.6547619047619048,0.7159090909090909,1.0
prehistory,0.5491329479768786,0.6966292134831461,0.918918918918919,1.0
philosophy,0.5780346820809249,0.7837837837837838,0.8202247191011236,1.0
high_school_mathematics,0.7606837606837606,0.9642857142857143,0.9827586206896551,0.9615384615384616
conceptual_physics,0.6,0.819672131147541,0.9661016949152542,0.9818181818181818
college_medicine,0.5769230769230769,0.7727272727272727,0.9104477611940298,0.9830508474576272
abstract_algebra,0.5944444444444444,0.8823529411764706,0.9473684210526315,1.0
Mean,0.5914265790932711,0.7943035805230406,0.8932968244754801,0.9892408612301565
