Dataset,0,1,2,3
professional_law,0.0066918848611512705,-0.052194970460934076,0.014588436866257048,0.03091464873352584
prehistory,-0.045253855350518846,0.007724786242709086,0.03711673287081399,0.0004123362369957695
philosophy,-0.04306563356103224,-0.004728549771217561,0.030203328151162778,0.017590855181087106
high_school_mathematics,-0.060056695339751415,0.0177479442444608,0.03299792688146186,0.009310824213828839
conceptual_physics,-0.09360677646625111,0.01667027943795049,0.047767273939355204,0.0291692230889454
college_medicine,-0.05169926330783009,-0.004289423630345929,0.016389026079385055,0.03959966085879102
abstract_algebra,-0.054521931193356854,-0.007214570453774466,0.004630170737583594,0.05710633090954778
Mean,-0.048653327685183066,-0.0036740019179163363,0.02674737839298335,0.0255799512101161
Std,0.030060364332113957,0.023978192594672362,0.014701159408887818,0.01863435466100408
