Dataset,top_1_bin,top_2_bin,top_3_bin,top_4_bin
professional_law,46.25,39.75,7.75,6.25
prehistory,50.5,39.0,4.0,6.5
philosophy,47.0,40.75,6.0,6.25
high_school_mathematics,44.25,33.25,14.25,8.25
conceptual_physics,48.75,36.75,8.0,6.5
college_medicine,45.75,42.25,6.5,5.5
abstract_algebra,40.17857142857143,33.035714285714285,17.55952380952381,9.226190476190476
Mean,46.235380116959064,37.93859649122807,8.9546783625731,6.871345029239766
