Dataset,0,1,2,3
professional_law,0.28837209302325584,0.29767441860465116,0.22790697674418606,0.18604651162790697
prehistory,0.3686868686868687,0.2222222222222222,0.2676767676767677,0.1414141414141414
philosophy,0.3018867924528302,0.2688679245283019,0.2641509433962264,0.1650943396226415
high_school_mathematics,0.2825112107623318,0.2825112107623318,0.31390134529147984,0.1210762331838565
conceptual_physics,0.25365853658536586,0.2682926829268293,0.32195121951219513,0.15609756097560976
college_medicine,0.30414746543778803,0.2626728110599078,0.2995391705069124,0.1336405529953917
abstract_algebra,0.2885572139303483,0.36318407960199006,0.23880597014925373,0.10945273631840796
Mean,0.2984869922002826,0.27884735335817484,0.2771525494229738,0.1455131050185688
