Dataset,0,1,2,3
professional_law,0.9482758620689655,0.38388625592417064,0.9482758620689655,0.7671232876712328
prehistory,0.8888888888888888,0.41509433962264153,0.9210526315789473,0.6309523809523809
philosophy,0.9295774647887324,0.40437158469945356,0.9142857142857143,0.6447368421052632
high_school_mathematics,0.918918918918919,0.4619883040935672,0.7906976744186046,0.5652173913043478
conceptual_physics,0.7875,0.4506172839506173,0.9,0.7051282051282052
college_medicine,0.984375,0.40641711229946526,0.8648648648648649,0.6533333333333333
abstract_algebra,1.0,0.43915343915343913,0.7966101694915254,0.7906976744186046
Mean,0.9206924173487581,0.42269938150274916,0.878410714852336,0.6769996326032734
