Dataset,0,1,2,3
professional_law,0.05452754638582802,-0.06541401097924426,-0.0007966693511465839,0.011683133944562885
prehistory,0.02895529233241939,-0.016881586837102447,0.0068635967992259905,-0.018937302294542935
philosophy,0.058418622741623905,-0.05237738559366392,0.00394414170832208,-0.00998537885628209
high_school_mathematics,0.07324123681838085,-0.050628215013401257,0.008382712398616848,-0.03099573420359647
conceptual_physics,0.004550722421102438,-0.027506410728978414,0.006882348367974134,0.0160733399399019
college_medicine,0.06628956762294025,-0.05987393634700286,-0.0052525996384277795,-0.0011630316375095262
abstract_algebra,0.0569155286130556,-0.03645153224890613,0.004296820037633098,-0.024760816401782598
Mean,0.04880000473059379,-0.04434222698661905,0.0034550963620141066,-0.007912874105988834
Std,0.024214352638952042,0.01790797704002012,0.004929358361134818,0.018016415713084953
