Dataset,top_1_bin,top_2_bin,top_3_bin,top_4_bin
professional_law,32.25,24.25,27.25,16.25
prehistory,47.25,23.5,14.5,14.75
philosophy,44.25,25.0,13.0,17.75
high_school_mathematics,36.0,29.5,18.0,16.5
conceptual_physics,40.75,26.0,18.25,15.0
college_medicine,36.25,26.0,21.25,16.5
abstract_algebra,39.583333333333336,25.0,19.94047619047619,15.476190476190476
Mean,39.473684210526315,25.621345029239766,18.859649122807017,16.045321637426902
