Dataset,0,1,2,3
professional_law,0.34686346863468637,0.3837638376383764,0.18450184501845018,0.08487084870848709
prehistory,0.2559241706161137,0.3886255924170616,0.24644549763033174,0.10900473933649289
philosophy,0.12556053811659193,0.3811659192825112,0.36771300448430494,0.12556053811659193
high_school_mathematics,0.17578125,0.46875,0.25390625,0.1015625
conceptual_physics,0.16455696202531644,0.43037974683544306,0.23628691983122363,0.16877637130801687
college_medicine,0.18823529411764706,0.5098039215686274,0.19607843137254902,0.10588235294117647
abstract_algebra,0.3645320197044335,0.4088669950738916,0.15270935960591134,0.07389162561576355
Mean,0.22852757018451456,0.4248446335678493,0.23584909508857088,0.11077870115906532
