Dataset,0,1,2,3
professional_law,0.8545454545454545,0.8203125,0.59,0.532258064516129
prehistory,0.8,0.75,0.6666666666666666,0.7391304347826086
philosophy,0.7142857142857143,0.75177304964539,0.8151260504201681,0.7857142857142857
high_school_mathematics,0.524390243902439,0.7851851851851852,0.5698924731182796,0.25555555555555554
conceptual_physics,0.6075949367088608,0.7724137931034483,0.7362637362637363,0.7294117647058823
college_medicine,0.7721518987341772,0.7831325301204819,0.686046511627907,0.5652173913043478
abstract_algebra,0.6530612244897959,0.7755102040816326,0.5072463768115942,0.16901408450704225
Mean,0.7049034615128763,0.7769364955384614,0.6564447945348679,0.5481373285913339
