Dataset,0,1,2,3
professional_law,-0.0014082490866828556,0.014112125548417342,-0.009416845441303279,-0.0032870310204311526
prehistory,-0.03922658661538156,0.006631925732704658,0.017313423128703764,0.015281237753973165
philosophy,-0.04288198239725716,0.005455285844912616,0.012612703868630948,0.024813992683713426
high_school_mathematics,0.02792082852140626,0.01577722841517082,0.0055032381299865984,-0.04920129506656365
conceptual_physics,-0.0420100626449956,0.010349946449706882,0.01755959387891115,0.01410052231637765
college_medicine,-0.01672881116187594,0.006974670068358946,0.011725068681368134,-0.0019709275878510013
abstract_algebra,0.003747133776382361,0.012223470732979358,0.014367098317090543,-0.03033770282645233
Mean,-0.016255448978454042,0.010170891443709638,0.009848763864423007,-0.0037642063296785856
Std,0.02742816629223927,0.004037329117385285,0.009542129115084445,0.026643837192913047
