Dataset,top_1_bin,top_2_bin,top_3_bin,top_4_bin
professional_law,39.75,21.25,16.5,22.5
prehistory,52.75,17.5,11.75,18.0
philosophy,45.75,20.5,16.0,17.75
high_school_mathematics,30.25,24.0,18.25,27.5
conceptual_physics,41.25,24.0,17.75,17.0
college_medicine,41.75,26.25,13.5,18.5
abstract_algebra,31.845238095238095,25.595238095238095,13.392857142857142,29.166666666666668
Mean,40.67982456140351,22.660818713450293,15.350877192982455,21.308479532163744
