Dataset,A,B,C,D
professional_law,0.1908713692946058,0.13692946058091288,0.2821576763485477,0.3900414937759336
prehistory,0.4021164021164021,0.12169312169312169,0.21693121693121692,0.25925925925925924
philosophy,0.3456221198156682,0.20276497695852536,0.23963133640552994,0.2119815668202765
high_school_mathematics,0.17562724014336917,0.035842293906810034,0.15412186379928317,0.6344086021505376
conceptual_physics,0.31063829787234043,0.16170212765957448,0.20425531914893616,0.32340425531914896
college_medicine,0.3017241379310345,0.09913793103448276,0.23706896551724138,0.3620689655172414
abstract_algebra,0.1615720524017467,0.03056768558951965,0.09606986899563319,0.7117903930131004
Mean,0.2722690191799543,0.11458286077903855,0.20685161814431097,0.40629650189669614
