Dataset,A,B,C,D
professional_psychology,0.27467811158798283,0.09871244635193133,0.1459227467811159,0.48068669527896996
electrical_engineering,0,0,0,0
college_biology,0,0,0,0
marketing,0,0,0,0
high_school_world_history,0,0,0,0
Mean,0.27467811158798283,0.09871244635193133,0.1459227467811159,0.48068669527896996
