Dataset,A,B,C,D
professional_law,0.9459459459459459,0.684931506849315,0.7669902912621359,0.6533333333333333
prehistory,0.9375,0.5824175824175825,0.6914893617021277,0.6218487394957983
philosophy,0.9176470588235294,0.6538461538461539,0.660377358490566,0.580952380952381
high_school_mathematics,0.9841269841269841,0.28125,0.4666666666666667,0.8415300546448088
conceptual_physics,0.8488372093023255,0.5416666666666666,0.7029702970297029,0.7435897435897436
college_medicine,0.927710843373494,0.5324675324675324,0.6018518518518519,0.6363636363636364
abstract_algebra,0.9827586206896551,0.46938775510204084,0.46875,0.9333333333333333
Mean,0.9338136378584195,0.5366761924755797,0.626329799269452,0.7107628491783189
