Dataset,A,B,C,D
professional_psychology,0.9012345679012346,0.47560975609756095,0.5977011494252874,0.7733333333333333
electrical_engineering,0,0,0,0
college_biology,0,0,0,0
marketing,0,0,0,0
high_school_world_history,0,0,0,0
Mean,0.9012345679012346,0.475609756097561,0.5977011494252874,0.7733333333333333
