Dataset,A,B,C,D
professional_law,0.06602171312078092,-0.05476420523392689,0.008701223063359798,-0.019958730950213777
prehistory,0.048867316571610864,-0.04493334773475752,0.012599579175935072,-0.0165335480127885
philosophy,0.052900380181458706,-0.027756145473988192,0.009112558901873763,-0.03425679360934425
high_school_mathematics,0.10743554259743643,-0.07693001248192818,-0.022692308974868514,-0.007813221140639759
conceptual_physics,0.05208208179678819,-0.059760211475102604,-0.011934620055777667,0.01961274973409205
college_medicine,0.07014071574574501,-0.06509051073902478,0.009858308434768537,-0.014908513441488747
abstract_algebra,0.08946659383586256,-0.06934070255380828,-0.05238854681104882,0.032262655528994544
Mean,0.06909352175964104,-0.056649213930398706,-0.005608426721635967,-0.006835881107606368
Std,0.021820586636603405,0.016540708037327764,0.023231043431976347,0.02288158050807815
