Dataset,top_1_bin,top_2_bin,top_3_bin,top_4_bin
professional_law,36.25,26.75,21.75,15.25
prehistory,43.25,34.75,15.0,7.0
philosophy,48.5,30.5,15.0,6.0
high_school_mathematics,24.75,34.5,21.0,19.75
conceptual_physics,33.0,40.75,18.5,7.75
college_medicine,39.75,35.75,15.75,8.75
abstract_algebra,24.702380952380953,39.583333333333336,16.36904761904762,19.345238095238095
Mean,36.001461988304094,34.53947368421053,17.653508771929825,11.805555555555555
