Dataset,0,1,2,3
professional_law,-0.011251735669094626,-0.003915735848372182,0.0009924966618974629,0.014174974855569317
prehistory,0.012221001150981292,-0.004084589315036219,-0.010856927351468981,0.002720515515524047
philosophy,0.012282530656111651,-0.011885473103452338,-0.008278789427307698,0.007881731874648523
high_school_mathematics,0.06119126156347371,-0.0023420555462159154,-0.005540055397346394,-0.05330915061991143
conceptual_physics,0.023481742866861915,-0.006777445570148671,-0.01089904075595588,-0.005805256540757392
college_medicine,0.019003036881768243,0.002483835090375308,-0.018122808542153146,-0.003364063429990405
abstract_algebra,0.020597205304799,-0.009974866013731376,0.02025010307242414,-0.030872442363491737
Mean,0.01962419443072125,-0.005102390605904149,-0.005218572840862333,-0.009303230983954736
Std,0.021882720413489837,0.004824230936960506,0.011854795033526582,0.02396721868716789
