Dataset,top_1_bin,top_2_bin,top_3_bin,top_4_bin
professional_law,31.75,33.25,19.5,15.5
prehistory,30.75,43.25,16.25,9.75
philosophy,25.25,50.75,14.75,9.25
high_school_mathematics,25.0,29.75,24.25,21.0
conceptual_physics,25.25,39.0,22.0,13.75
college_medicine,27.75,38.0,22.75,11.5
abstract_algebra,25.0,26.785714285714285,26.19047619047619,22.023809523809522
Mean,27.30263157894737,37.5,20.68713450292398,14.510233918128655
