Dataset,A,B,C,D
professional_law,0.7956204379562044,0.043795620437956206,0.09124087591240876,0.06934306569343066
prehistory,0.9562043795620438,0.0072992700729927005,0.0036496350364963502,0.032846715328467155
philosophy,0.9797979797979798,0.010101010101010102,0.0,0.010101010101010102
high_school_mathematics,0.9933554817275747,0.0,0.006644518272425249,0.0
conceptual_physics,1.0,0.0,0.0,0.0
college_medicine,0.916955017301038,0.020761245674740483,0.006920415224913495,0.05536332179930796
abstract_algebra,1.0,0.0,0.0,0.0
Mean,0.9476510667170819,0.01198203893080402,0.015856059129567814,0.024510835222546178
