Dataset,A,B,C,D
professional_law,0.9419642857142857,0.47058823529411764,0.5714285714285714,0.4492753623188406
prehistory,0.9708333333333333,0.20408163265306123,0.18,0.21311475409836064
philosophy,0.9919354838709677,0.03773584905660377,0.08,0.02040816326530612
high_school_mathematics,1.0,0.0,0.038461538461538464,0.0
conceptual_physics,1.0,0.0,0.0,0.02
college_medicine,0.9833333333333333,0.2037037037037037,0.11363636363636363,0.3064516129032258
abstract_algebra,1.0,0.0,0.0,0.0
Mean,0.9836354438964795,0.13393412583442782,0.14379042010620957,0.14755115388680307
