Dataset,A,B,C,D
professional_law,-0.004611005695854639,-0.006464879250420885,0.01443054688117866,-0.0033546619349031775
prehistory,0.017590923520639845,-0.0019208664531719377,0.0011918635629641627,-0.01686192063043214
philosophy,0.04802815420234395,-0.015806447835382514,-0.010141076551856823,-0.022080629815104655
high_school_mathematics,0.05894819522859579,-0.019184099065282005,-0.013696298023608944,-0.02606779813970482
conceptual_physics,0.05463890461723388,-0.022764542564359544,-0.0179868937748605,-0.013887468278013848
college_medicine,0.05746200066822081,-0.015162561783173295,-0.00938801616061935,-0.03291142272442818
abstract_algebra,0.05482380647522546,-0.020574816623464505,-0.00925322046319256,-0.024995769388568408
Mean,0.04065923537724693,-0.014413193408698883,-0.006339558370743355,-0.019906483597804715
Std,0.02484368488248095,0.0076857548101315855,0.010998136861262298,0.009714944617806238
