Dataset,0,1,2,3
professional_law,0.6958174904942965,0.060836501901140684,0.14068441064638784,0.10266159695817491
prehistory,0.6756756756756757,0.14054054054054055,0.0918918918918919,0.0918918918918919
philosophy,0.8048780487804879,0.08780487804878048,0.06341463414634146,0.04390243902439024
high_school_mathematics,0.7764705882352941,0.09803921568627451,0.11372549019607843,0.011764705882352941
conceptual_physics,0.6017699115044248,0.1504424778761062,0.13716814159292035,0.11061946902654868
college_medicine,0.7142857142857143,0.11822660098522167,0.08866995073891626,0.07881773399014778
abstract_algebra,0.8362068965517241,0.07327586206896551,0.07327586206896551,0.017241379310344827
Mean,0.7267998862689096,0.10488917239415134,0.10191611744889872,0.06639482388804037
