Dataset,0,1,2,3
professional_law,0.9248554913294798,0.4307692307692308,0.5411764705882353,0.5194805194805194
prehistory,0.8613138686131386,0.5714285714285714,0.5632183908045977,0.4891304347826087
philosophy,0.8597560975609756,0.4939759036144578,0.4594594594594595,0.4050632911392405
high_school_mathematics,0.8021390374331551,0.36486486486486486,0.3125,0.06779661016949153
conceptual_physics,0.8208955223880597,0.5875,0.42857142857142855,0.4659090909090909
college_medicine,0.8648648648648649,0.5189873417721519,0.5357142857142857,0.449438202247191
abstract_algebra,0.9294117647058824,0.3269230769230769,0.22727272727272727,0.0625
Mean,0.8646974801962889,0.4739972656527282,0.4432089365565932,0.35808744864446523
