Dataset,0,1,2,3
professional_law,-0.0005191078893074103,-0.004529982099656937,0.0002931336769520093,0.004755956312012394
prehistory,-0.009526826126373011,0.011024582543450179,0.00614581679485654,-0.007643573211933735
philosophy,-0.01647750400979478,0.010255251463451936,0.006303432430122491,-8.117988377959184e-05
high_school_mathematics,0.002593497260528238,0.015217846799630563,0.008135549724471378,-0.02594689378463018
conceptual_physics,-0.012337384496593606,0.007346345683249933,0.0031944137145430707,0.001796625098800575
college_medicine,-0.008729764937996903,0.00260193652732027,0.013768454553409137,-0.0076406261427324484
abstract_algebra,-0.0025327573573279,0.01520867245213435,0.007637610542190032,-0.02031352563699644
Mean,-0.006889562336212413,0.00799579909023959,0.006470233004355885,-0.00757646975838304
Std,0.00689290761204025,0.007113974346195673,0.004257276855846303,0.01146240022110916
