Dataset,top_1_bin,top_2_bin,top_3_bin,top_4_bin
professional_law,26.5,31.0,21.5,21.0
prehistory,37.75,30.25,16.75,15.25
philosophy,42.0,29.25,16.0,12.75
high_school_mathematics,26.75,23.25,23.5,26.5
conceptual_physics,38.5,25.0,22.0,14.5
college_medicine,36.75,32.5,18.0,12.75
abstract_algebra,25.0,25.0,25.297619047619047,24.702380952380953
Mean,33.51608187134503,28.10672514619883,20.321637426900583,18.055555555555557
