Dataset,A,B,C,D
professional_law,0.8809523809523809,0.047619047619047616,0.03741496598639456,0.034013605442176874
prehistory,0.8072289156626506,0.09236947791164658,0.0321285140562249,0.06827309236947791
philosophy,0.8318965517241379,0.09482758620689655,0.06465517241379311,0.008620689655172414
high_school_mathematics,0.8054607508532423,0.11604095563139932,0.017064846416382253,0.06143344709897611
conceptual_physics,0.8333333333333334,0.08130081300813008,0.06097560975609756,0.024390243902439025
college_medicine,0.8972332015810277,0.04743083003952569,0.023715415019762844,0.03162055335968379
abstract_algebra,0.9007936507936508,0.05555555555555555,0.003968253968253968,0.03968253968253968
Mean,0.8498204387095671,0.07693792062621528,0.034983604821928145,0.038258035842289394
