Dataset,A,B,C,D
professional_law,0.972972972972973,0.25806451612903225,0.22033898305084745,0.19298245614035087
prehistory,0.9613259668508287,0.4666666666666667,0.4057971014492754,0.4533333333333333
philosophy,0.9580838323353293,0.4235294117647059,0.5,0.29411764705882354
high_school_mathematics,0.9752475247524752,0.4268292682926829,0.13725490196078433,0.3230769230769231
conceptual_physics,0.9685863874345549,0.44,0.4594594594594595,0.31666666666666665
college_medicine,0.9705882352941176,0.3384615384615385,0.35384615384615387,0.25757575757575757
abstract_algebra,0.9792746113989638,0.21568627450980393,0.025,0.19230769230769232
Mean,0.9692098820490364,0.3705742502781961,0.3066807894395498,0.29229404172373047
