Dataset,A,B,C,D
professional_law,0.037874350735610685,-0.02293661676023459,-0.0018475314284615851,-0.013090202546914453
prehistory,-0.010355592534971148,-0.007500591780147281,0.0017908095490327958,0.016065374766085633
philosophy,-0.02834241457158873,0.014464573933179348,0.020619348799112952,-0.006741508160703458
high_school_mathematics,0.07146969060486172,-0.018590521056951928,-0.043487212018025995,-0.009391957529883796
conceptual_physics,-0.026948331009161774,-0.021655944473571775,0.02492349371220176,0.02368078177053179
college_medicine,-0.01039319093059593,0.002407243483528193,0.0035224218567265486,0.004463525590341133
abstract_algebra,0.07877722367450732,-0.007685894591501943,-0.03485695606410538,-0.03623437301889999
Mean,0.014543476634611254,-0.008811112296938546,-0.003473466757786849,-0.0022588975798858405
Std,0.045354189079191365,0.01389019714430746,0.025780705967120243,0.01942826354903049
