Dataset,0,1,2,3
['professional_law'],0.05153791149662128,0.04402239797608899,0.053520033232810016,0.0773880402791976
['prehistory'],0.06838598599529579,0.051214242188713885,0.050614228108187324,0.08459064504321795
['philosophy'],0.09525446942936545,0.06466170038116997,0.05698772192887874,0.07773407877279638
['high_school_mathematics'],0.13369329848466874,0.09126151303608954,0.061261006035200384,0.07507435112622853
['conceptual_physics'],0.11500368756168126,0.09215682350261313,0.05120235979523508,0.05924039501484046
['college_medicine'],0.08076613117998917,0.05381827320010589,0.05598269714630099,0.06748510010102511
['abstract_algebra'],0.1462195335884821,0.10672908029150024,0.07680941764564218,0.08829531450100307
Mean,0.09758273280145419,0.07116774528211134,0.057615198401893566,0.0753919114792615
Std,0.03420406502905036,0.02403467256751936,0.008593554992084383,0.009753519634358908
