Dataset,top_1_bin,top_2_bin,top_3_bin,top_4_bin
professional_law,35.5,25.0,14.75,24.75
prehistory,47.61904761904762,14.285714285714285,28.57142857142857,9.523809523809524
philosophy,43.5,30.25,17.75,8.5
high_school_mathematics,29.0,21.75,19.0,30.25
conceptual_physics,32.75,25.0,28.75,13.5
college_medicine,39.0,25.0,19.5,16.5
abstract_algebra,26.19047619047619,23.80952380952381,22.61904761904762,27.38095238095238
Mean,34.66270683071701,25.074246924056002,20.40729741196436,19.855748833262624
