Dataset,0,1,2,3
professional_law,0.15444015444015444,0.13513513513513514,0.21621621621621623,0.4942084942084942
prehistory,0.45454545454545453,0.36363636363636365,0.09090909090909091,0.09090909090909091
philosophy,0.42920353982300885,0.168141592920354,0.2345132743362832,0.168141592920354
high_school_mathematics,0.3626760563380282,0.10915492957746478,0.16901408450704225,0.3591549295774648
conceptual_physics,0.4200743494423792,0.1821561338289963,0.1895910780669145,0.20817843866171004
college_medicine,0.3442622950819672,0.14344262295081966,0.20901639344262296,0.30327868852459017
abstract_algebra,0.5362903225806451,0.07661290322580645,0.12903225806451613,0.25806451612903225
Mean,0.37081101441780506,0.13941046452496503,0.19202560383809927,0.29775291721913066
