Dataset,0,1,2,3
professional_law,0.34615384615384615,0.5569620253164557,0.85,0.8738738738738738
prehistory,0.8888888888888888,1.0,1.0,1.0
philosophy,0.7142857142857143,0.6931818181818182,0.8888888888888888,0.8428571428571429
high_school_mathematics,0.6153846153846154,0.7377049180327869,0.9375,0.9139784946236559
conceptual_physics,0.72,0.7837837837837838,0.88,0.8157894736842105
college_medicine,0.6209150326797386,0.6714285714285714,0.8375,0.845360824742268
abstract_algebra,0.8734939759036144,0.75,0.7777777777777778,0.9444444444444444
Mean,0.6444023444937832,0.7001376523959977,0.8654598595201056,0.8719038002739896
