Dataset,0,1,2,3
professional_law,-0.035066289666931885,-0.02757544235656803,0.0037450023104950714,0.0588967297130048
prehistory,-0.11442085609410271,0.06536348711171297,0.0021242206297436006,0.046933148352646115
philosophy,0.012082267490660159,-0.018551102644007417,-0.0014220624376597435,0.00789089759100714
high_school_mathematics,-0.03553365216249876,0.0011486588432957495,0.012082636223655477,0.022302357095547495
conceptual_physics,-0.025105025663345187,0.002773776994420968,0.015325284484088153,0.0070059641848360665
college_medicine,-0.006170311266739031,-0.016018637945554026,0.007527784776709678,0.014661164435583407
abstract_algebra,-0.03228170608009405,0.008972999249389213,0.00169516422498997,0.021613542605714825
Mean,-0.02085986242190481,-0.008019320265687042,0.006583641050376198,0.022295541637215657
Std,0.021637850843063144,0.01614322285409367,0.006386287547032639,0.019495824891544517
