Dataset,top_1_bin,top_2_bin,top_3_bin,top_4_bin
professional_law,31.25,31.25,22.5,15.0
prehistory,43.0,31.25,17.25,8.5
philosophy,33.75,32.0,22.5,11.75
high_school_mathematics,23.5,35.25,27.0,14.25
conceptual_physics,38.5,29.0,21.75,10.75
college_medicine,39.5,32.25,16.0,12.25
abstract_algebra,30.952380952380953,22.916666666666668,26.488095238095237,19.642857142857142
Mean,34.42982456140351,30.73830409356725,21.82017543859649,13.011695906432749
