Dataset,A,B,C,D
professional_law,0.5636363636363636,0.14181818181818182,0.1709090909090909,0.12363636363636364
prehistory,0.4977973568281938,0.14977973568281938,0.14096916299559473,0.21145374449339208
philosophy,0.4716981132075472,0.1320754716981132,0.22264150943396227,0.17358490566037735
high_school_mathematics,0.5555555555555556,0.1830065359477124,0.16013071895424835,0.10130718954248366
conceptual_physics,0.3617886178861789,0.21951219512195122,0.25609756097560976,0.16260162601626016
college_medicine,0.41735537190082644,0.21074380165289255,0.19421487603305784,0.17768595041322313
abstract_algebra,0.33760683760683763,0.37606837606837606,0.1282051282051282,0.1581196581196581
Mean,0.4607340822521066,0.19778265465191613,0.18313672909267129,0.15834653400330598
