Dataset,A,B,C,D
professional_law,0.9751552795031055,0.5487804878048781,0.7674418604651163,0.704225352112676
prehistory,0.9280575539568345,0.6404494382022472,0.6588235294117647,0.9080459770114943
philosophy,0.9366197183098591,0.5662650602409639,0.82,0.92
high_school_mathematics,0.9011627906976745,0.5,0.7313432835820896,0.5223880597014925
conceptual_physics,0.9212598425196851,0.8041237113402062,0.8811881188118812,0.9333333333333333
college_medicine,0.9491525423728814,0.6388888888888888,0.6818181818181818,0.8372093023255814
abstract_algebra,0.7184466019417476,0.7641509433962265,0.5076923076923077,0.5161290322580645
Mean,0.9086115311390509,0.6345605817149144,0.7261807766886801,0.7688231595879168
