Dataset,A,B,C,D
professional_law,0.0476883209069453,-0.06518334278806859,-0.015627500776712655,0.03312252265783583
prehistory,-0.002472321879923134,-0.017664047946940487,-0.015384579059654124,0.035520948886517634
philosophy,0.03709036568076868,-0.062098196052340515,-0.012050530163115192,0.03705836053468692
high_school_mathematics,0.08938712414978883,-0.07251525330721595,-0.008009645288745704,-0.008862225553827319
conceptual_physics,0.014353452313273452,-0.022011114665662856,-0.017127342766512066,0.02478500511890136
college_medicine,0.014398269102103067,-0.04436303341308523,-0.009181119729901932,0.039145884040884094
abstract_algebra,0.0717578853131326,-0.012970027149029395,-0.08410650332120334,0.02531864515710014
Mean,0.038117227183623925,-0.04308915365182724,-0.021641839265270833,0.026613765733474067
Std,0.03316904928117589,0.024682158299490074,0.025486978557416044,0.016786368676199113
