Dataset,top_1_bin,top_2_bin,top_3_bin,top_4_bin
professional_law,40.25,26.0,20.0,13.75
prehistory,51.25,18.0,17.75,13.0
philosophy,40.5,28.25,18.0,13.25
high_school_mathematics,29.5,23.75,23.75,23.0
conceptual_physics,32.25,30.0,20.75,17.0
college_medicine,44.5,21.75,15.75,18.0
abstract_algebra,27.678571428571427,25.0,26.488095238095237,20.833333333333332
Mean,38.23099415204678,24.67105263157895,20.211988304093566,16.885964912280702
