Dataset,0,1,2,3
professional_law,0.22083333333333333,0.11666666666666667,0.32916666666666666,0.3333333333333333
prehistory,0.27040816326530615,0.11224489795918367,0.2857142857142857,0.33163265306122447
philosophy,0.5630252100840336,0.09663865546218488,0.15546218487394958,0.18487394957983194
high_school_mathematics,0.44483985765124556,0.1103202846975089,0.2669039145907473,0.17793594306049823
conceptual_physics,0.5645756457564576,0.13653136531365315,0.1881918819188192,0.11070110701107011
college_medicine,0.3963963963963964,0.12162162162162163,0.17567567567567569,0.3063063063063063
abstract_algebra,0.6049382716049383,0.09876543209876543,0.205761316872428,0.09053497942386832
Mean,0.4339512799173861,0.11359451091868154,0.23011025082061165,0.22234395834332074
