Dataset,0,1,2,3
professional_law,0.4645669291338583,0.5128205128205128,0.7876106194690266,0.8902439024390244
prehistory,0.5602836879432624,0.6785714285714286,0.9239130434782609,0.9759036144578314
philosophy,0.7072072072072072,0.8392857142857143,0.9508196721311475,0.9836065573770492
high_school_mathematics,0.7076923076923077,0.8545454545454545,0.8470588235294118,0.9230769230769231
conceptual_physics,0.7847533632286996,0.9516129032258065,0.9516129032258065,0.9056603773584906
college_medicine,0.5526315789473685,0.7464788732394366,0.8461538461538461,0.972972972972973
abstract_algebra,0.8835978835978836,1.0,0.9523809523809523,1.0
Mean,0.6607247509320068,0.7928822933754903,0.8928609514601609,0.949044495275189
