Dataset,0,1,2,3
professional_law,-0.026883248698226087,-0.018210077884980275,0.016028385519955224,0.02906494106325111
prehistory,-0.01112729139548585,-0.011856291518207135,0.00716380067437522,0.015819782239317792
philosophy,0.00032280771499837435,-0.013197376691501339,0.006327582481221089,0.0065469864952819035
high_school_mathematics,-0.027805665554855627,-0.004717998793982298,-0.009538222869513058,0.04206188721835097
conceptual_physics,-0.023812806710082124,-0.011149394481875102,0.016352467198509663,0.018609733993447508
college_medicine,-0.013184566238334555,-0.025558129932735568,0.016155018491706835,0.022587677679363316
abstract_algebra,-0.027296379955064648,-0.0015585364627103832,-0.007323201586401401,0.036178118004176474
Mean,-0.018336217842725173,-0.012572871335081642,0.006774494468373948,0.02413459470943287
Std,0.010826451954617008,0.00791325511243459,0.010920203899313932,0.01224720410732974
