Dataset,A,B,C,D
professional_law,0.008555613426167952,-0.02802431523872187,0.01289870860202394,0.006569993210529951
prehistory,0.008830582192141861,-0.022637106444318378,0.01079401662907195,0.00301250762310451
philosophy,0.015372364259791133,-0.027024437019860653,0.007628904658645769,0.004023168101423835
high_school_mathematics,0.08155470914040294,-0.048969565988053264,-0.019417443892403435,-0.013167699259946195
conceptual_physics,0.029142228973306122,-0.0370737233905622,-0.004907207226628463,0.012838701643884454
college_medicine,0.028298505702664234,-0.03001756534101957,0.006075942744250967,-0.004356883105895687
abstract_algebra,0.04455033683181789,-0.03421917876531058,-0.011481951365885062,0.0011507932993777836
Mean,0.030581328455146384,-0.032527898184999536,0.0005011816326925843,0.0014453880971605567
Std,0.02599309587318448,0.008744793054471662,0.012311370058277553,0.008389781853295994
