Dataset,top_1_bin,top_2_bin,top_3_bin,top_4_bin
professional_law,34.25,33.5,23.0,9.25
prehistory,53.75,27.5,12.0,6.75
philosophy,48.75,32.5,13.25,5.5
high_school_mathematics,36.25,29.0,17.0,17.75
conceptual_physics,43.5,27.0,13.75,15.75
college_medicine,49.25,30.25,13.5,7.0
abstract_algebra,30.952380952380953,35.714285714285715,19.94047619047619,13.392857142857142
Mean,42.65350877192982,30.665204678362574,15.972222222222221,10.70906432748538
