Dataset,top_1_bin,top_2_bin,top_3_bin,top_4_bin
professional_law,26.0,36.25,19.0,18.75
prehistory,38.5,30.25,21.75,9.5
philosophy,41.5,27.75,19.5,11.25
high_school_mathematics,24.25,23.25,26.5,26.0
conceptual_physics,38.0,32.75,19.5,9.75
college_medicine,35.75,31.25,16.5,16.5
abstract_algebra,28.273809523809522,27.976190476190474,17.857142857142858,25.892857142857142
Mean,33.296783625730995,29.970760233918128,20.13888888888889,16.593567251461987
