Dataset,0,1,2,3
professional_law,0.6452702702702703,0.13513513513513514,0.11148648648648649,0.10810810810810811
prehistory,0.524390243902439,0.16260162601626016,0.13008130081300814,0.18292682926829268
philosophy,0.4829059829059829,0.2094017094017094,0.16666666666666666,0.14102564102564102
high_school_mathematics,0.5841584158415841,0.1551155115511551,0.10561056105610561,0.1551155115511551
conceptual_physics,0.5806451612903226,0.16129032258064516,0.14516129032258066,0.11290322580645161
college_medicine,0.6147859922178989,0.12840466926070038,0.11673151750972763,0.14007782101167315
abstract_algebra,0.6929460580912863,0.1078838174273859,0.08298755186721991,0.11618257261410789
Mean,0.5868758414071898,0.1524227164597382,0.12360341614371931,0.13709802598935267
