Dataset,0,1,2,3
professional_law,0.915929203539823,0.9298245614035088,0.9,0.9298245614035088
prehistory,0.8054054054054054,0.9315068493150684,0.9402985074626866,0.96
philosophy,0.7528089887640449,0.9,0.972972972972973,0.9117647058823529
high_school_mathematics,0.9027777777777778,0.8472222222222222,0.9230769230769231,0.9
conceptual_physics,0.8217821782178217,0.9315068493150684,0.9682539682539683,0.9193548387096774
college_medicine,0.8387096774193549,0.9090909090909091,0.9830508474576272,0.9655172413793104
abstract_algebra,0.949238578680203,0.9333333333333333,0.9361702127659575,0.9148936170212766
Mean,0.8530370814642686,0.9112794431793533,0.9464965201677752,0.9290894715895791
