Dataset,0,1,2,3
professional_law,-0.009769757248290295,0.001803780251752124,-0.0028007324061351813,0.010766709402673325
prehistory,-0.0022560252656271262,0.0006896973290231867,0.008388381274154366,-0.006822053337550427
philosophy,0.018344325894035396,0.013561187468984659,-0.021507539208175275,-0.01039797415484467
high_school_mathematics,0.006724688029053738,0.0060672204052923395,0.0004885258705287499,-0.013280434304874772
conceptual_physics,-0.0037333905002753798,-0.008726036324935738,0.016766516689570687,-0.004307089864359626
college_medicine,0.03994515115388336,-0.009787874267107921,-0.010063089604638031,-0.0200941872821373
abstract_algebra,-0.004515635509043381,-0.0028043421636043675,0.01707180625442456,-0.009751828581776867
Mean,0.006646470502219773,0.0001830888078334764,0.0008205233726640272,-0.007650082682717258
Std,0.01755975918072657,0.008290721605585303,0.01409187008992527,0.009678186992820128
