Dataset,top_1_bin,top_2_bin,top_3_bin,top_4_bin
professional_law,36.25,24.5,25.25,14.0
prehistory,49.0,26.5,15.75,8.75
philosophy,50.5,21.0,14.5,14.0
high_school_mathematics,28.0,25.75,25.5,20.75
conceptual_physics,37.75,27.5,21.0,13.75
college_medicine,48.75,21.75,16.5,13.0
abstract_algebra,28.86904761904762,36.30952380952381,17.55952380952381,17.261904761904763
Mean,40.13157894736842,25.950292397660817,19.480994152046783,14.437134502923977
