Dataset,A,B,C,D
professional_law,0.48031496062992124,0.14960629921259844,0.27165354330708663,0.0984251968503937
prehistory,0.49019607843137253,0.16176470588235295,0.23039215686274508,0.11764705882352941
philosophy,0.41919191919191917,0.1919191919191919,0.2727272727272727,0.11616161616161616
high_school_mathematics,0.4722222222222222,0.2152777777777778,0.2916666666666667,0.020833333333333332
conceptual_physics,0.4899598393574297,0.19678714859437751,0.2289156626506024,0.08433734939759036
college_medicine,0.4926829268292683,0.17560975609756097,0.2146341463414634,0.11707317073170732
abstract_algebra,0.698744769874477,0.07112970711297072,0.19665271966527198,0.03347280334728033
Mean,0.5016832680346044,0.16823301658753725,0.24490902530331365,0.0851746900745447
