Dataset,A,B,C,D
professional_law,0.9395973154362416,0.7808219178082192,0.7889908256880734,0.6376811594202898
prehistory,0.9534883720930233,0.8072289156626506,0.8037383177570093,0.7160493827160493
philosophy,0.9469026548672567,0.7731958762886598,0.822429906542056,0.6385542168674698
high_school_mathematics,0.8863636363636364,0.6504854368932039,0.6607142857142857,0.09433962264150944
conceptual_physics,0.9485294117647058,0.7368421052631579,0.7941176470588235,0.6417910447761194
college_medicine,0.944,0.7578947368421053,0.7524752475247525,0.6455696202531646
abstract_algebra,0.9371069182389937,0.5217391304347826,0.5675675675675675,0.14035087719298245
Mean,0.9365571932522833,0.722913721977078,0.7455004367020113,0.5105087402802204
