Dataset,A,B,C,D
professional_law,-0.005130829381793767,0.006212703639060069,0.0025750724816478443,-0.0036569467389142574
prehistory,-0.01777492209010273,0.0035889229840837533,0.011412462962807901,0.0027735361432111305
philosophy,-0.003478115529047532,0.012404135866541155,0.024861962188581777,-0.033787982526075455
high_school_mathematics,0.04231816974518923,0.003132956155318639,0.011212615972018919,-0.05666374187252678
conceptual_physics,-0.0025329272636543387,0.0022065791446042593,0.01278840284091498,-0.012462054721864957
college_medicine,-0.006393970880424316,0.015503072487988823,0.015481823436645115,-0.024590925044209788
abstract_algebra,0.021520435753918668,-0.015395269920594368,0.026635236333677967,-0.032760402167002295
Mean,0.0036673348879324905,0.004402974202382664,0.014723090409781581,-0.02279339950009679
Std,0.02061213678209255,0.009482266641647492,0.008232879277164963,0.020578310834702438
