Dataset,top_1_bin,top_2_bin,top_3_bin,top_4_bin
professional_law,28.5,21.75,22.0,27.75
prehistory,23.25,25.5,28.0,23.25
philosophy,23.0,25.75,27.25,24.0
high_school_mathematics,23.0,32.75,27.75,16.5
conceptual_physics,24.25,32.75,25.0,18.0
college_medicine,22.25,23.25,25.5,29.0
abstract_algebra,24.107142857142858,28.273809523809522,28.86904761904762,18.75
Mean,24.049707602339183,27.119883040935672,26.279239766081872,22.551169590643276
