Dataset,A,B,C,D
professional_law,0.2673611111111111,0.05555555555555555,0.625,0.052083333333333336
prehistory,0.46905537459283386,0.02280130293159609,0.38436482084690554,0.1237785016286645
philosophy,0.6298701298701299,0.02922077922077922,0.29545454545454547,0.045454545454545456
high_school_mathematics,0.673202614379085,0.0,0.30392156862745096,0.02287581699346405
conceptual_physics,0.7887788778877888,0.009900990099009901,0.1254125412541254,0.07590759075907591
college_medicine,0.4258064516129032,0.02258064516129032,0.4,0.15161290322580645
abstract_algebra,0.8745098039215686,0.0,0.12156862745098039,0.00392156862745098
Mean,0.5831378354894692,0.02047650189594022,0.32694022269617706,0.06944543991841352
