Dataset,A,B,C,D
professional_law,0.5615384615384615,0.5416666666666666,0.9079754601226994,0.2542372881355932
prehistory,0.751269035532995,0.22727272727272727,0.8679245283018868,0.4339622641509434
philosophy,0.8699551569506726,0.24489795918367346,0.9367088607594937,0.40816326530612246
high_school_mathematics,0.9216589861751152,0.04,0.9518072289156626,0.3
conceptual_physics,0.972,0.18,0.98,0.7
college_medicine,0.7471910112359551,0.25,0.864406779661017,0.43333333333333335
abstract_algebra,0.9904761904761905,0.023809523809523808,0.8333333333333334,0.11904761904761904
Mean,0.8268439548878946,0.2198592621524952,0.9077226400235029,0.38445850159736733
