Dataset,A,B,C,D
professional_law,0.0057473290553644515,-0.0042151358779336096,0.00796875285064922,-0.009500946028080055
prehistory,0.010945767644578622,-0.011580746816332775,0.009868266613322782,-0.009233287441568629
philosophy,0.038805941791366524,-0.02209631708745014,0.0033652518144984683,-0.020074876518414893
high_school_mathematics,0.039066258565817386,-0.033146423955330837,0.019235844710655883,-0.025155679321142474
conceptual_physics,0.03854563425839591,-0.02840770919840628,0.005346738529693848,-0.01548466358968345
college_medicine,0.025821146951770096,-0.014234909570032768,0.0018836472138693272,-0.013469884595606683
abstract_algebra,0.03742110842726154,-0.02670249065906627,0.010212656698378342,-0.02093127446657364
Mean,0.02783125867634396,-0.01989931793261726,0.008223265111012767,-0.016155205854739483
Std,0.014403086821664786,0.010441607243109408,0.005834017605868627,0.006062797679566238
