Dataset,top_1_bin,top_2_bin,top_3_bin,top_4_bin
professional_law,33.25,34.5,22.0,10.25
prehistory,52.25,28.5,13.25,6.0
philosophy,50.25,32.25,12.25,5.25
high_school_mathematics,36.5,29.0,17.75,16.75
conceptual_physics,46.75,23.25,17.75,12.25
college_medicine,48.0,27.5,15.75,8.75
abstract_algebra,34.523809523809526,24.702380952380953,23.511904761904763,17.261904761904763
Mean,43.27485380116959,28.61842105263158,17.32456140350877,10.782163742690058
