Dataset,A,B,C,D
professional_law,-0.0076316837690840605,-0.006209904030122004,0.0029063654300898745,0.01093522236911626
prehistory,0.025105984661469433,-0.0032866890272059412,-0.002725024626424516,-0.019094271007838975
philosophy,0.016583213081476367,-0.004493401726588159,0.0027516651622455923,-0.014841476517133856
high_school_mathematics,-0.017552273109505134,0.002008637129212454,0.008460085346103347,0.007083550634189334
conceptual_physics,-0.0023403716989399137,0.003781536137886593,0.0004899751369642213,-0.001931139575910873
college_medicine,0.013244027276852727,0.007658942444227407,-0.003946190979518205,-0.016956778741561984
abstract_algebra,-0.0018888677981712676,-0.02234717570890757,0.012867257796550596,0.011368785710528184
Mean,0.003775182381842917,-0.0028234658871450304,0.002740551464702166,-0.003692267959400062
Std,0.01522367085530248,0.009343147513648994,0.005820771125873371,0.013457443586355994
