Dataset,top_1_bin,top_2_bin,top_3_bin,top_4_bin
professional_law,50.25,36.5,6.5,6.75
prehistory,70.0,21.75,6.0,2.25
philosophy,66.75,24.75,5.5,3.0
high_school_mathematics,43.5,41.75,9.75,5.0
conceptual_physics,55.75,33.0,6.75,4.5
college_medicine,62.5,28.75,5.5,3.25
abstract_algebra,50.595238095238095,36.30952380952381,7.738095238095238,5.357142857142857
Mean,57.20029239766082,31.72514619883041,6.798245614035087,4.276315789473684
