Dataset,0,1,2,3
professional_law,0.24489795918367346,0.23979591836734693,0.2755102040816326,0.23979591836734693
prehistory,0.22131147540983606,0.2540983606557377,0.23770491803278687,0.28688524590163933
philosophy,0.2608695652173913,0.2318840579710145,0.2898550724637681,0.21739130434782608
high_school_mathematics,0.2683982683982684,0.24675324675324675,0.29004329004329005,0.19480519480519481
conceptual_physics,0.2154696132596685,0.292817679558011,0.2983425414364641,0.19337016574585636
college_medicine,0.24161073825503357,0.24161073825503357,0.28187919463087246,0.2348993288590604
abstract_algebra,0.40119760479041916,0.2874251497005988,0.2155688622754491,0.09580838323353294
Mean,0.2616321063958806,0.2556136151036394,0.2711130211988584,0.21164125730162156
