Dataset,0,1,2,3
professional_law,0.57,0.625,0.5929203539823009,0.8433734939759037
prehistory,0.696078431372549,0.8118811881188119,0.801980198019802,0.7708333333333334
philosophy,0.6261682242990654,0.7628865979381443,0.7961165048543689,0.8064516129032258
high_school_mathematics,0.44881889763779526,0.6,0.648936170212766,0.5476190476190477
conceptual_physics,0.5047619047619047,0.6885245901639344,0.8043478260869565,0.7901234567901234
college_medicine,0.63,0.6324786324786325,0.7448979591836735,0.8470588235294118
abstract_algebra,0.6062992125984252,0.8133333333333334,0.4626865671641791,0.5074626865671642
Mean,0.5826197071131566,0.7023349427923279,0.6985169194090319,0.7356328106531379
