Dataset,0,1,2,3
professional_law,0.028357504233107844,-0.0030181646203383816,-0.02200138719991085,-0.0033379524128586135
prehistory,0.025815631688253127,-0.009670155195407815,-0.016953720808545736,0.0008082443157004793
philosophy,0.00013755190124326022,0.0013755489521491415,-0.006354220259847776,0.00484111940645543
high_school_mathematics,0.0055947176229440565,0.006444734940169672,0.017804343342476492,-0.02984379590559022
conceptual_physics,-0.006897299254223721,0.019384712906507062,-0.0031306883616088466,-0.00935672529067455
college_medicine,-0.008990075810649367,0.009182608836172168,-0.0008811506704786143,0.000688617644955869
abstract_algebra,0.01077111161805161,0.006982709463872361,-0.006834669073578714,-0.01091915200834509
Mean,0.007758152652023179,0.004322333591945122,-0.005447068125690271,-0.0066334181182779945
Std,0.0149866238979486,0.009414013676921799,0.012904139923415688,0.011779625293586782
