Dataset,top_1_bin,top_2_bin,top_3_bin,top_4_bin
professional_law,31.5,21.0,25.25,22.25
prehistory,37.25,28.25,17.25,17.25
philosophy,31.5,26.5,23.75,18.25
high_school_mathematics,27.0,21.25,29.75,22.0
conceptual_physics,33.0,24.75,24.5,17.75
college_medicine,33.5,28.75,19.75,18.0
abstract_algebra,16.666666666666668,27.678571428571427,32.142857142857146,23.511904761904763
Mean,30.37280701754386,25.40204678362573,24.45175438596491,19.773391812865498
