Dataset,0,1,2,3
professional_law,0.12363636363636364,0.4727272727272727,0.2,0.20363636363636364
prehistory,0.18875502008032127,0.39759036144578314,0.24497991967871485,0.1686746987951807
philosophy,0.18613138686131386,0.45985401459854014,0.22627737226277372,0.12773722627737227
high_school_mathematics,0.07191780821917808,0.6027397260273972,0.22945205479452055,0.0958904109589041
conceptual_physics,0.15298507462686567,0.4552238805970149,0.22761194029850745,0.16417910447761194
college_medicine,0.15151515151515152,0.4128787878787879,0.2878787878787879,0.14772727272727273
abstract_algebra,0.05714285714285714,0.2714285714285714,0.5571428571428572,0.11428571428571428
Mean,0.13493286621918044,0.4428383104202918,0.2754678472095475,0.14676097615098033
