Dataset,0,1,2,3
professional_law,0.7301587301587301,0.73,0.9230769230769231,0.8888888888888888
prehistory,0.7702702702702703,0.7295597484276729,0.7840909090909091,0.810126582278481
philosophy,0.8695652173913043,0.7461139896373057,0.8918918918918919,0.875
high_school_mathematics,0.86,0.851528384279476,0.9393939393939394,0.8181818181818182
conceptual_physics,0.8133333333333334,0.7752808988764045,0.868421052631579,0.8169014084507042
college_medicine,0.8545454545454545,0.6779661016949152,0.7692307692307693,0.84375
abstract_algebra,0.6666666666666666,0.7291666666666666,0.95625,0.7272727272727273
Mean,0.7979346499560076,0.748969170016926,0.8741747785549726,0.8280347644311379
