Dataset,0,1,2,3
professional_law,-0.026434164986198633,0.008766893046337515,0.00761009713151059,0.0100571748083505
prehistory,-0.02877130771797118,0.0042216769511866925,0.03224590039674924,-0.007696269629964669
philosophy,0.0003689678506786087,0.0013358219074236233,0.005815681315422261,-0.007520471073524465
high_school_mathematics,-0.005965145575198255,-0.0013946732546788743,0.011165597366796454,-0.0038057785369194352
conceptual_physics,-0.040040803758667365,0.019459645628846473,0.03435861371510188,-0.013777455585280929
college_medicine,-0.006201102167886774,4.566717195814141e-06,0.018730550095496457,-0.012534014644805497
abstract_algebra,-0.0010426050409896859,-0.0020995482280391498,0.011744200950426026,-0.008602047681397162
Mean,-0.015777681957554815,0.004478115567947128,0.017513387254303323,-0.006213820864695631
Std,0.016011290361969747,0.007657845749387615,0.011724237453341838,0.00801466192945882
