Dataset,top_1_bin,top_2_bin,top_3_bin,top_4_bin
professional_law,33.5,30.75,22.75,13.0
prehistory,42.5,30.5,18.0,9.0
philosophy,30.75,32.75,20.0,16.5
high_school_mathematics,26.0,32.75,24.75,16.5
conceptual_physics,38.75,31.75,20.75,8.75
college_medicine,39.0,27.75,21.5,11.75
abstract_algebra,31.845238095238095,30.357142857142858,19.642857142857142,18.154761904761905
Mean,34.68567251461988,30.957602339181285,21.089181286549707,13.267543859649123
