Dataset,0,1,2,3
professional_law,0.45660377358490567,0.21132075471698114,0.21509433962264152,0.1169811320754717
prehistory,0.4,0.21739130434782608,0.16956521739130434,0.21304347826086956
philosophy,0.4187725631768953,0.22743682310469315,0.20938628158844766,0.1444043321299639
high_school_mathematics,0.4560810810810811,0.28378378378378377,0.14527027027027026,0.11486486486486487
conceptual_physics,0.2938775510204082,0.2938775510204082,0.2530612244897959,0.15918367346938775
college_medicine,0.27459016393442626,0.3114754098360656,0.2827868852459016,0.13114754098360656
abstract_algebra,0.314410480349345,0.2576419213973799,0.17467248908296942,0.25327510917030566
Mean,0.3748581778203459,0.257559187249058,0.20787852477164553,0.15970411015895045
