Dataset,0,1,2,3
professional_law,0.844311377245509,0.8607594936708861,0.8555555555555555,0.71875
prehistory,0.7919463087248322,0.8607594936708861,0.8205128205128205,0.7978723404255319
philosophy,0.8421052631578947,0.875,0.7415730337078652,0.6455696202531646
high_school_mathematics,0.7931034482758621,0.8222222222222222,0.6428571428571429,0.5606060606060606
conceptual_physics,0.7086614173228346,0.8490566037735849,0.7789473684210526,0.75
college_medicine,0.7355371900826446,0.8712871287128713,0.7777777777777778,0.6582278481012658
abstract_algebra,0.6031746031746031,0.855072463768116,0.8095238095238095,0.6794871794871795
Mean,0.7634987823795678,0.8563371069613549,0.7744479091859962,0.6873969444671423
