Dataset,0,1,2,3
professional_law,-0.018954619280496965,0.01599872374132688,-0.0032212155133518605,0.006177111052521833
prehistory,-0.01499114728678863,0.009120077524059522,0.008135534738642258,-0.0022644649759132607
philosophy,0.0004697295301809845,0.030516919904174322,0.0011832554555297192,-0.03216990488988508
high_school_mathematics,0.017766255203148007,0.041491931408274174,-0.010123686447337021,-0.04913450016408516
conceptual_physics,-0.016412828407810276,0.00601166185035007,0.006040527681593411,0.00436063887586674
college_medicine,-0.01746443971248013,0.012002830251856667,0.01008821081632949,-0.004626601355706195
abstract_algebra,-0.0543540117227293,2.8031844436338105e-05,0.051320745157306336,0.003005234720986738
Mean,-0.013924622777973628,0.016837089390258506,0.008071937523909842,-0.010984404136194776
Std,0.02118436949502127,0.0145068256281014,0.01886532451017335,0.021525685862090468
